점포명,시도명,시군구명,시군구코드,소재지도로명주소,소재지지번주소,위도,경도,안심지킴이집전화번호,관할경찰서명,지정연도,운영여부,데이터기준일자,제공기관코드,제공기관명
세븐일레븐 (뉴)강동구청점,서울특별시,강동구,11740,서울특별시 강동구 성내로5길 19,서울특별시 강동구 성내동 537-17,37.53075875,127.1234865,,성내지구대,,Y,2026-04-24,3240000,서울특별시 강동구
씨스페이스 강동상일점,서울특별시,강동구,11740,서울특별시 강동구 천호대로 1469,서울특별시 강동구 상일동 437-8,37.54641545,127.1713135,02-426-4935,상일지구대,,Y,2026-04-24,3240000,서울특별시 강동구
세븐일레븐 뉴천호현대점,서울특별시,강동구,11740,서울특별시 강동구 올림픽로70길 39,서울특별시 강동구 천호동 416-3,37.5393512,127.1258968,02-471-0213,천호지구대,,Y,2026-04-24,3240000,서울특별시 강동구
세븐일레븐 천호타운점,서울특별시,강동구,11740,서울특별시 강동구 구천면로42길 69,서울특별시 강동구 천호동 86-2,37.54452015,127.1369797,,천호지구대,,Y,2026-04-24,3240000,서울특별시 강동구
세븐일레븐 천호역점,서울특별시,강동구,11740,서울특별시 강동구 올림픽로 654,서울특별시 강동구 천호동 429-2,37.53985741,127.1240828,02-474-3969,천호지구대,,Y,2026-04-24,3240000,서울특별시 강동구
세븐일레븐 암사역점,서울특별시,강동구,11740,서울특별시 강동구 올림픽로93길 9,서울특별시 강동구 암사동 513-1,37.54916139,127.1264641,02-426-9691,암사지구대,,Y,2026-04-24,3240000,서울특별시 강동구
세븐일레븐 명일이마트,서울특별시,강동구,11740,서울특별시 강동구 양재대로 1655,서울특별시 강동구 명일동 306-5,37.55335302,127.1439323,02-441-9623,명일지구대,,Y,2026-04-24,3240000,서울특별시 강동구
세븐일레븐 명일스타점,서울특별시,강동구,11740,서울특별시 강동구 고덕로38길 64,서울특별시 강동구 명일동 312-140,37.55170106,127.1424238,02-427-3120,명일지구대,,Y,2026-04-24,3240000,서울특별시 강동구
세븐일레븐 명일삼익점,서울특별시,강동구,11740,서울특별시 강동구 양재대로128길 47,서울특별시 강동구 명일동 350-4,37.54450741,127.1454529,02-426-7814,명일지구대,,Y,2026-04-24,3240000,서울특별시 강동구
세븐일레븐 길동으뜸점,서울특별시,강동구,11740,서울특별시 강동구 천중로49길 26,서울특별시 강동구 길동 338-3,37.54208123,127.1431421,02-484-7506,길동지구대,,Y,2026-04-24,3240000,서울특별시 강동구
세븐일레븐 길동스위트점,서울특별시,강동구,11740,서울특별시 강동구 양재대로111길 15,서울특별시 강동구 길동 413-1,37.53698361,127.1385615,02-487-1650,길동지구대,,Y,2026-04-24,3240000,서울특별시 강동구
세븐일레븐 강동오륜점,서울특별시,강동구,11740,서울특별시 강동구 양재대로81길 30,서울특별시 강동구 성내동 442-10,37.5232111,127.1326727,02-470-1544,성내지구대,,Y,2026-04-24,3240000,서울특별시 강동구
세븐일레븐 강동길동점,서울특별시,강동구,11740,서울특별시 강동구 양재대로113길 22,서울특별시 강동구 길동 379-18,37.53826848,127.1387537,02-477-2622,길동지구대,,Y,2026-04-24,3240000,서울특별시 강동구
GS25 천호후레쉬,서울특별시,강동구,11740,서울특별시 강동구 천중로35길 11,서울특별시 강동구 천호동 112-5,37.54179086,127.1372783,02-475-2177,천호지구대,,Y,2026-04-24,3240000,서울특별시 강동구
GS25 천호타운,서울특별시,강동구,11740,서울특별시 강동구 천중로35길 66,서울특별시 강동구 천호동 48-1,37.54400011,127.1385903,02-427-4222,천호지구대,,Y,2026-04-24,3240000,서울특별시 강동구
GS25 천호역,서울특별시,강동구,11740,서울특별시 강동구 올림픽로 651,서울특별시 강동구 천호동 431-4,37.53975596,127.123314,02-471-3989,천호지구대,,Y,2026-04-24,3240000,서울특별시 강동구
GS25 우성스타,서울특별시,강동구,11740,서울특별시 강동구 양재대로114길 31,서울특별시 강동구 길동 393-7,37.53761299,127.1417999,02-474-4994,길동지구대,,Y,2026-04-24,3240000,서울특별시 강동구
GS25 암사현대,서울특별시,강동구,11740,서울특별시 강동구 고덕로27길 28,서울특별시 강동구 암사동 400-5,37.5559414,127.1380445,02-426-8549,암사지구대,,Y,2026-04-24,3240000,서울특별시 강동구
GS25 암사광나루,서울특별시,강동구,11740,서울특별시 강동구 상암로3길 81,서울특별시 강동구 암사동 508,37.5541724,127.1276997,02-442-4588,암사지구대,,Y,2026-04-24,3240000,서울특별시 강동구
GS25 성내행복점,서울특별시,강동구,11740,서울특별시 강동구 천호옛길 65,서울특별시 강동구 성내동 132-5,37.53491142,127.1242147,,성내지구대,,Y,2026-04-24,3240000,서울특별시 강동구
GS25 성내제일,서울특별시,강동구,11740,서울특별시 강동구 천호대로170길 66,서울특별시 강동구 성내동 501-21,37.53260158,127.1320464,02-470-2006,성내지구대,,Y,2026-04-24,3240000,서울특별시 강동구
GS25 성내이안,서울특별시,강동구,11740,서울특별시 강동구 천호대로162길 34,서울특별시 강동구 성내동 25-1,37.53557714,127.1279523,02-482-4842,성내지구대,,Y,2026-04-24,3240000,서울특별시 강동구
GS25 성내신공원,서울특별시,강동구,11740,서울특별시 강동구 성안로13길 38,서울특별시 강동구 성내동 505-4,37.53189387,127.1302409,02-486-3945,성내지구대,,Y,2026-04-24,3240000,서울특별시 강동구
GS25 성내동원,서울특별시,강동구,11740,서울특별시 강동구 성안로3길 104,서울특별시 강동구 성내동 560-4,37.52786004,127.1244401,02-474-9333,성내지구대,,Y,2026-04-24,3240000,서울특별시 강동구
GS25 둔촌프라자,서울특별시,강동구,11740,서울특별시 강동구 천호대로198길 32,서울특별시 강동구 둔촌동 611-1,37.53453605,127.1480616,02-484-7264,둔촌지구대,,Y,2026-04-24,3240000,서울특별시 강동구
GS25 둔촌역,서울특별시,강동구,11740,서울특별시 강동구 양재대로 1367,서울특별시 강동구 성내동 416-4,37.52830778,127.1359324,02-476-7470,성내지구대,,Y,2026-04-24,3240000,서울특별시 강동구
GS25 길동하이브,서울특별시,강동구,11740,서울특별시 강동구 진황도로 100,서울특별시 강동구 길동 456-2,37.53539004,127.1373821,02-420-4474,길동지구대,,Y,2026-04-24,3240000,서울특별시 강동구
GS25 길동삼익,서울특별시,강동구,11740,서울특별시 강동구 명일로 275,서울특별시 강동구 길동 48,37.54333111,127.1475917,,길동지구대,,Y,2026-04-24,3240000,서울특별시 강동구
GS25 고덕,서울특별시,강동구,11740,서울특별시 강동구 동남로81길 44,서울특별시 강동구 고덕동 503,37.56001856,127.1545086,02-429-4153,고덕지구대,,Y,2026-04-24,3240000,서울특별시 강동구
GS25 강동암사,서울특별시,강동구,11740,서울특별시 강동구 고덕로20마길 29,서울특별시 강동구 암사동 469-30,37.55219886,127.1320396,070-7559-9279,암사지구대,,Y,2026-04-24,3240000,서울특별시 강동구
CU 천호고분,서울특별시,강동구,11740,서울특별시 강동구 구천면로33길 11,서울특별시 강동구 천호동 398-3,37.54235445,127.130353,02-475-7881,천호지구대,,Y,2026-04-24,3240000,서울특별시 강동구
CU 성내포레스점,서울특별시,강동구,11740,서울특별시 강동구 풍성로 91,서울특별시 강동구 성내동 111-64,37.53291888,127.1225472,,성내지구대,,Y,2026-04-24,3240000,서울특별시 강동구
CU 성내시네마점,서울특별시,강동구,11740,서울특별시 강동구 올림픽로62길 23,서울특별시 강동구 성내동 46-27,37.53655663,127.1241456,,성내지구대,,Y,2026-04-24,3240000,서울특별시 강동구
CU 성내새빛점,서울특별시,강동구,11740,서울특별시 강동구 천호옛12길 18,서울특별시 강동구 성내동 135-1,37.53471827,127.1254703,02-472-5524,성내지구대,,Y,2026-04-24,3240000,서울특별시 강동구
CU 둔촌점,서울특별시,강동구,11740,서울특별시 강동구 천호대로188길 13,서울특별시 강동구 둔촌동 55-7,37.53354001,127.1433775,02-476-5957,둔촌지구대,,Y,2026-04-24,3240000,서울특별시 강동구
CU 길동마루,서울특별시,강동구,11740,서울특별시 강동구 양재대로 1465,서울특별시 강동구 길동 412-8,37.53683992,127.1393143,02-475-2595,길동지구대,,Y,2026-04-24,3240000,서울특별시 강동구
CU 고덕밸리온,서울특별시,강동구,11740,"서울특별시 강동구 고덕로 266, 106호",서울특별시 강동구 명일동 46-3,37.55469368,127.1551146,,명일지구대,,Y,2026-04-24,3240000,서울특별시 강동구
CU 강일5단지점,서울특별시,강동구,11740,서울특별시 강동구 아리수로97길 20,서울특별시 강동구 강일동 670,37.566833,127.177767,02-428-1186,강일지구대,,Y,2026-04-24,3240000,서울특별시 강동구
CU 강동천호대로점,서울특별시,강동구,11740,서울특별시 강동구 천호대로 1034,서울특별시 강동구 성내동 9-14,37.53720733,127.1267682,02-553-8305,성내지구대,,Y,2026-04-24,3240000,서울특별시 강동구
CU 강동나이스점,서울특별시,강동구,11740,서울특별시 강동구 성내로3가길 49,서울특별시 강동구 성내동 533-1,37.52997972,127.1253016,,성내지구대,,Y,2026-04-24,3240000,서울특별시 강동구
세븐일레븐 서초프라자점,서울특별시,서초구,11650,서울특별시 서초구 강남대로61길 25,서울특별시 서초구 서초동 1316-1,37.498429,127.023952,02-595-4388,서울서초경찰서,2015,Y,2026-05-08,3210000,서울특별시 서초구
세븐일레븐 서초반포점,서울특별시,서초구,11650,서울특별시 서초구 사평대로57길 44,서울특별시 서초구 반포동 737,37.50635058,127.0227737,02-541-4927,서울서초경찰서,2017,Y,2026-05-08,3210000,서울특별시 서초구
세븐일레븐 서초라디안점,서울특별시,서초구,11650,서울특별시 서초구 서초중앙로 49,서울특별시 서초구 서초동 1600-7,37.486186,127.0151512,02-521-8506,서울서초경찰서,2015,Y,2026-05-08,3210000,서울특별시 서초구
세븐일레븐 서초19호점,서울특별시,서초구,11650,서울특별시 서초구 사임당로17길 113,서울특별시 서초구 서초동 1668-12,37.4933246,127.0187824,02-3472-2483,서울서초경찰서,2015,Y,2026-05-08,3210000,서울특별시 서초구
세븐일레븐 삼성타운점,서울특별시,서초구,11650,서울특별시 서초구 서초대로74길 23,서울특별시 서초구 서초동 1327-1,37.49561193,127.027091,02-3472-4399,서울서초경찰서,2015,Y,2026-05-08,3210000,서울특별시 서초구
세븐일레븐 사당본점,서울특별시,서초구,11650,서울특별시 서초구 방배천로 5-3,서울특별시 서초구 방배동 445-5,37.47705069,126.982209,02-586-2834,서울방배경찰서,2015,Y,2026-05-08,3210000,서울특별시 서초구
세븐일레븐 방배홈타운점,서울특별시,서초구,11650,서울특별시 서초구 동광로 9,서울특별시 서초구 방배동 2133,37.49102378,126.984045,02-594-3842,서울방배경찰서,2015,Y,2026-05-08,3210000,서울특별시 서초구
세븐일레븐 방배중앙점,서울특별시,서초구,11650,서울특별시 서초구 효령로34길 23-3,서울특별시 서초구 방배동 985-20,37.48073895,126.999765,02-587-9989,서울방배경찰서,2015,Y,2026-05-08,3210000,서울특별시 서초구
세븐일레븐 방배본점,서울특별시,서초구,11650,서울특별시 서초구 효령로 18,서울특별시 서초구 방배동 477-8,37.4771435,126.987064,02-581-2209,서울방배경찰서,2015,Y,2026-05-08,3210000,서울특별시 서초구
세븐일레븐 반포서래점,서울특별시,서초구,11650,서울특별시 서초구 서래로6길4,서울특별시 서초구 반포동 90-1,37.497673,126.998499,02-3476-8359,서울방배경찰서,2015,Y,2026-05-08,3210000,서울특별시 서초구
세븐일레븐 반포삼공점,서울특별시,서초구,11650,서울특별시 서초구 고무래로 6-3,서울특별시 서초구 반포동 58-7,37.50377188,127.009915,02-595-3624,서울서초경찰서,2015,Y,2026-05-08,3210000,서울특별시 서초구
세븐일레븐 반포사평로점,서울특별시,서초구,11650,서울특별시 서초구 사평대로6길 7,서울특별시 서초구 방배동 727-3,37.4977192,126.9909305,02-535-3955,서울방배경찰서,2015,Y,2026-05-08,3210000,서울특별시 서초구
세븐일레븐 반포3호점,서울특별시,서초구,11650,서울특별시 서초구 반포대로 300-3,서울특별시 서초구 잠원동76-7,37.505772,127.001214,02-533-5716,서울서초경찰서,2015,Y,2026-05-08,3210000,서울특별시 서초구
세븐일레븐 강남본점,서울특별시,서초구,11650,서울특별시 서초구 서초대로77길 27,서울특별시 서초구 서초동 1307-19,37.50012588,127.025504,02-599-2764,서울서초경찰서,2015,Y,2026-05-08,3210000,서울특별시 서초구
GS25 양재구룡점,서울특별시,서초구,11650,서울특별시 서초구 논현로5길 18,서울특별시 서초구 양재동 395-6,37.472131,127.048914,02-529-7718,서울서초경찰서,2015,Y,2026-05-08,3210000,서울특별시 서초구
GS25 서초우면점,서울특별시,서초구,11650,서울특별시 서초구 바우뫼로7길 13,서울특별시 서초구 우면동 65-1,37.470943,127.024673,02-529-5424,서울서초경찰서,2015,Y,2026-05-08,3210000,서울특별시 서초구
GS25 서초아남점,서울특별시,서초구,11650,서울특별시 서초구 서초대로64길 55,서울특별시 서초구 서초동 1635-6,37.4932295,127.021552,080-855-5525,서울서초경찰서,2015,Y,2026-05-08,3210000,서울특별시 서초구
GS25 서초대림점,서울특별시,서초구,11650,서울특별시 서초구 명달로4길 32,서울특별시 서초구 서초동 1467-65,37.480353,127.007658,02-3471-8928,서울서초경찰서,2015,Y,2026-05-08,3210000,서울특별시 서초구
GS25 방배브라운점,서울특별시,서초구,11650,서울특별시 서초구 방배로 146,서울특별시 서초구 방배동 898-6,37.48693415,126.9944098,02-588-0108,서울방배경찰서,2015,Y,2026-05-08,3210000,서울특별시 서초구
GS25 방배E푸른점,서울특별시,서초구,11650,서울특별시 서초구 서초대로27길 57,서울특별시 서초구 방배동 850-3,37.49047326,126.9934235,02-593-2218,서울방배경찰서,2015,Y,2026-05-08,3210000,서울특별시 서초구
GS25 반포타운점,서울특별시,서초구,11650,서울특별시 서초구 사평대로53길 36,서울특별시 서초구 반포동 734-22,37.5059554,127.0213746,02-511-4325,서울서초경찰서,2015,Y,2026-05-08,3210000,서울특별시 서초구
GS25 논현최강점,서울특별시,서초구,11650,서울특별시 서초구 신반포로 329,서울특별시 서초구 잠원동 40-9,37.51080574,127.019504,02-512-3482,서울서초경찰서,2015,Y,2026-05-08,3210000,서울특별시 서초구
GS25 구반포역점,서울특별시,서초구,11650,서울특별시 서초구 신반포로 17,서울특별시 서초구 반포동 817,37.50113938,126.9861839,02-532-2579,서울방배경찰서,2015,Y,2026-05-08,3210000,서울특별시 서초구
CU 청계산입구역점,서울특별시,서초구,11650,서울특별시 서초구 청계산로 217,서울특별시 서초구 신원동 214,37.44627036,127.0573225,02-575-0734,서울서초경찰서,2015,Y,2026-05-08,3210000,서울특별시 서초구
CU 양재알뜰점,서울특별시,서초구,11650,서울특별시 서초구 언남9길 7-4,서울특별시 서초구 양재동 254-5,37.47382593,127.042579,02-2057-0862,서울서초경찰서,2015,Y,2026-05-08,3210000,서울특별시 서초구
CU 서초효령점,서울특별시,서초구,11650,서울특별시 서초구 반포대로14길 42,서울특별시 서초구 서초동 1589-12,37.485824,127.013426,02-521-1121,서울서초경찰서,2015,Y,2026-05-08,3210000,서울특별시 서초구
CU 서초염곡점,서울특별시,서초구,11650,서울특별시 서초구 염곡말길 19,서울특별시 서초구 염곡동 106-7,37.46201881,127.052218,02-575-3118,서울서초경찰서,2015,Y,2026-05-08,3210000,서울특별시 서초구
CU 방배이수역점,서울특별시,서초구,11650,서울특별시 서초구 동광로12가길 26,서울특별시 서초구 방배동 1457,37.4874102,126.983524,02-537-4764,서울방배경찰서,2015,Y,2026-05-08,3210000,서울특별시 서초구
CU 방배롯데캐슬점,서울특별시,서초구,11650,서울특별시 서초구 방배중앙로29길 25,서울특별시 서초구 방배동 763-1,37.49640099,126.984022,02-532-3305,서울방배경찰서,2015,Y,2026-05-08,3210000,서울특별시 서초구
CU 반포중앙점,서울특별시,서초구,11650,서울특별시 서초구 사평대로53길 27,서울특별시 서초구 반포동 733-14,37.50544263,127.021345,02-546-3208,서울서초경찰서,2016,Y,2026-05-08,3210000,서울특별시 서초구
세븐일레븐 양재역점,서울특별시,서초구,11650,서울특별시 서초구 강남대로 221,서울특별시 서초구 양재동 23-3,37.4836851,127.0341178,02-575-2270,서울서초경찰서,2015,Y,2026-05-08,3210000,서울특별시 서초구
gs25신림수정점,서울특별시,관악구,11620,서울특별시 관악구 남부순환로 1507,,37.48272576,126.9179653,,서울관악경찰서,2023,Y,2026-04-10,3200000,서울특별시 관악구
세븐일레븐 관악드림점,서울특별시,관악구,11620,서울특별시 관악구 은천로 25길 69,,37.48906357,126.9483944,,서울관악경찰서,,Y,2026-04-10,3200000,서울특별시 관악구
GS25 봉천메트로점,서울특별시,관악구,11620,서울특별시 관악구 남부순환로 1811,,37.4817482,126.951459,02-884-2209,서울관악경찰서,,Y,2026-04-10,3200000,서울특별시 관악구
미니스톱 서울대입구점,서울특별시,관악구,11620,서울특별시 관악구 관악로 168,,37.48021593,126.9529848,02-873-9326,서울관악경찰서,,Y,2026-04-10,3200000,서울특별시 관악구
씨스페이스 구로공단점( cu로변경됨),서울특별시,관악구,11620,서울특별시 관악구 조원로 6,,37.48340438,126.9027432,02-856-4280,서울관악경찰서,,Y,2026-04-10,3200000,서울특별시 관악구
세븐일레븐 서울대입구역점,서울특별시,관악구,11620,서울특별시 관악구 남부순환로 1820,,37.480948,126.9520838,02-6276-8777,서울관악경찰서,2021,Y,2026-04-10,3200000,서울특별시 관악구
세븐일레븐 관악미림점,서울특별시,관악구,11620,서울특별시 관악구 호암로20길 67,,37.46709388,126.935734,02-871-1379,서울관악경찰서,2020,Y,2026-04-10,3200000,서울특별시 관악구
세븐일레븐 관악신원점,서울특별시,관악구,11620,서울특별시 관악구 남부순환로168가길 47,,37.48059713,126.9269013,02-863-9587,서울관악경찰서,2020,Y,2026-04-10,3200000,서울특별시 관악구
세븐일레븐 신사시장점,서울특별시,관악구,11620,서울특별시 관악구 남부순환로 153길 35,,37.48405657,126.9163271,02-830-6586,서울관악경찰서,,Y,2026-04-10,3200000,서울특별시 관악구
세븐일레븐 신림대학스타점,서울특별시,관악구,11620,서울특별시 관악구 호암로24길 6,,37.46990238,126.9335443,02-878-0845,서울관악경찰서,,Y,2026-04-10,3200000,서울특별시 관악구
세븐일레븐 서울대서진점,서울특별시,관악구,11620,서울특별시 관악구 관악로17길 3,,37.48064359,126.9515179,02-871-3418,서울관악경찰서,,Y,2026-04-10,3200000,서울특별시 관악구
세븐일레븐 봉천1호점,서울특별시,관악구,11620,서울특별시 관악구 남부순환로 1766,,37.48170083,126.9461146,02-877-0450,서울관악경찰서,,Y,2026-04-10,3200000,서울특별시 관악구
GS25 신림양지점,서울특별시,관악구,11620,서울특별시 관악구 신림로68길 10,,37.48643047,126.9299158,1577-9621,서울관악경찰서,,Y,2026-04-10,3200000,서울특별시 관악구
미니스톱 관악정옥점,서울특별시,관악구,11620,서울특별시 관악구 관악로 15길 39,,37.48031858,126.9501843,1577-9621,서울관악경찰서,,Y,2026-04-10,3200000,서울특별시 관악구
세븐일레븐 신림본점,서울특별시,관악구,11620,서울특별시 관악구 신림로 270,,37.47899837,126.9321683,1577-9621,서울관악경찰서,,Y,2026-04-10,3200000,서울특별시 관악구
미니스톱 봉천남부점,서울특별시,관악구,11620,서울특별시 관악구 남부순환로 1716,,37.48253974,126.9406137,1577-9621,서울관악경찰서,,Y,2026-04-10,3200000,서울특별시 관악구
GS25 신림두림점,서울특별시,관악구,11620,서울특별시 관악구 남부순환로 1648,,37.48451119,126.9339059,02-871-1278,서울관악경찰서,2021,Y,2026-04-10,3200000,서울특별시 관악구
GS25 관악대성점,서울특별시,관악구,11620,서울특별시 관악구 관악로12길 17,,37.47817899,126.9533774,02-873-1478,서울관악경찰서,2022,Y,2026-04-10,3200000,서울특별시 관악구
GS25 서울대역점,서울특별시,관악구,11620,서울특별시 관악구 관악로144,,37.47793739,126.9526013,02-875-2525,서울관악경찰서,2022,Y,2026-04-10,3200000,서울특별시 관악구
GS25 신림복은점,서울특별시,관악구,11620,서울특별시 관악구 복은길 60,,37.47452391,126.939194,02-882-2494,서울관악경찰서,2020,Y,2026-04-10,3200000,서울특별시 관악구
GS25 중앙한가온점,서울특별시,관악구,11620,서울특별시 관악구 중앙길 78,,37.48542385,126.950769,02-883-1250,서울관악경찰서,2020,Y,2026-04-10,3200000,서울특별시 관악구
GS25 관악봉림점,서울특별시,관악구,11620,서울특별시 관악구 장군봉7길 2,,37.48058116,126.9394385,02-877-4011,서울관악경찰서,2020,Y,2026-04-10,3200000,서울특별시 관악구
GS25 인헌마루,서울특별시,관악구,11620,서울특별시 관악구 인헌길 141,,37.46956027,126.9686101,02-882-6730,서울관악경찰서,,Y,2026-04-10,3200000,서울특별시 관악구
GS25 신림왕성,서울특별시,관악구,11620,서울특별시 관악구 신림로 304,,37.48136374,126.9302239,02-888-8038,서울관악경찰서,,Y,2026-04-10,3200000,서울특별시 관악구
GS25 신림성화,서울특별시,관악구,11620,서울특별시 관악구 남부순환로 1578,,37.48351418,126.925934,02-867-6865,서울관악경찰서,,Y,2026-04-10,3200000,서울특별시 관악구
GS25 뉴신림로데오,서울특별시,관악구,11620,서울특별시 관악구 봉천로6길 30,,37.48833934,126.925499,1644-5425,서울관악경찰서,,Y,2026-04-10,3200000,서울특별시 관악구
GS25 봉천번영,서울특별시,관악구,11620,서울특별시 관악구 관악로14가길 45,,37.47644548,126.9555525,02-883-2009,서울관악경찰서,,Y,2026-04-10,3200000,서울특별시 관악구
GS25 봉천동부,서울특별시,관악구,11620,서울특별시 관악구 은천로 143,,37.48663122,126.9512655,02-877-5549,서울관악경찰서,,Y,2026-04-10,3200000,서울특별시 관악구
GS25 남현번영,서울특별시,관악구,11620,서울특별시 관악구 승방4길 27,,37.47487635,126.9804394,02-445-5896,서울관악경찰서,,Y,2026-04-10,3200000,서울특별시 관악구
GS25 관악한일,서울특별시,관악구,11620,서울특별시 관악구 승방2길 2,,37.47396296,126.9813388,02-581-7071,서울관악경찰서,,Y,2026-04-10,3200000,서울특별시 관악구
GS25 관악푸르지오,서울특별시,관악구,11620,서울특별시 관악구 관악로30길 17,,37.48655704,126.9590063,02-882-0008,서울관악경찰서,,Y,2026-04-10,3200000,서울특별시 관악구
GS25 관악원앙,서울특별시,관악구,11620,서울특별시 관악구 남부순환로 218길 46,,37.47938345,126.9500473,02-882-4442,서울관악경찰서,,Y,2026-04-10,3200000,서울특별시 관악구
GS25 관악세봉,서울특별시,관악구,11620,서울특별시 관악구 관악로5길 84,,37.47659256,126.9517368,02-875-7013,서울관악경찰서,,Y,2026-04-10,3200000,서울특별시 관악구
GS25 관악봉천,서울특별시,관악구,11620,서울특별시 관악구 관악로17길 25,,37.48069559,126.9502571,02-873-9368,서울관악경찰서,,Y,2026-04-10,3200000,서울특별시 관악구
CU 신림테라스점,서울특별시,관악구,11620,서울특별시 관악구 호암로26길 47,,37.47048456,126.9362342,070-8866-7700,서울관악경찰서,2021,Y,2026-04-10,3200000,서울특별시 관악구
CU 관악동원점,서울특별시,관악구,11620,서울특별시 관악구 호암로26가길 43,,37.46889978,126.9333038,02-882-2188,서울관악경찰서,2021,Y,2026-04-10,3200000,서울특별시 관악구
CU 서울대서연점,서울특별시,관악구,11620,서울특별시 관악구 관악로 132,,37.477014,126.9527201,02-883-6003,서울관악경찰서,2021,Y,2026-04-10,3200000,서울특별시 관악구
CU 관악서림점,서울특별시,관악구,11620,서울특별시 관악구 서림3길 32,,37.47281763,126.9400164,02-871-5121,서울관악경찰서,2020,Y,2026-04-10,3200000,서울특별시 관악구
CU 관악첼시점,서울특별시,관악구,11620,서울특별시 관악구 당곡6나길 33,,37.49258736,126.9315232,,서울관악경찰서,2020,Y,2026-04-10,3200000,서울특별시 관악구
CU 관악트윈스점,서울특별시,관악구,11620,서울특별시 관악구 양녕로6길 78,,37.48350324,126.9507275,02-883-1789,서울관악경찰서,2020,Y,2026-04-10,3200000,서울특별시 관악구
CU 관악진우점,서울특별시,관악구,11620,서울특별시 관악구 남부순환로 1536,,37.48277741,126.9213132,02-865-5258,서울관악경찰서,,Y,2026-04-10,3200000,서울특별시 관악구
CU 관악에스식스점,서울특별시,관악구,11620,서울특별시 관악구 양지5길 2,,37.47155723,126.931279,,서울관악경찰서,,Y,2026-04-10,3200000,서울특별시 관악구
CU 관악샛별점,서울특별시,관악구,11620,서울특별시 관악구 조원로 87,,37.4846039,126.9119437,02-830-6288,서울관악경찰서,,Y,2026-04-10,3200000,서울특별시 관악구
CU 관악미림점,서울특별시,관악구,11620,서울특별시 관악구 호암로20길 1,,37.46779314,126.9321635,02-883-1032,서울관악경찰서,,Y,2026-04-10,3200000,서울특별시 관악구
CU서울대입구역점,서울특별시,관악구,11620,서울특별시 관악구 남부순환로 1833,,37.48113145,126.9538531,,서울관악경찰서,,Y,2026-04-10,3200000,서울특별시 관악구
세븐일레븐 신길점,서울특별시,영등포구,11560,서울특별시 영등포구 도림로 322,서울특별시 영등포구 신길동 363-5,37.506318,126.9019159,02-831-0601,서울영등포경찰서,2017,Y,2026-05-08,3180000,서울특별시 영등포구
세븐일레븐 신길대신점,서울특별시,영등포구,11560,서울특별시 영등포구 도신로60길 2,서울특별시 영등포구 신길동 115-1,37.5117464,126.9168208,02-845-0550,서울영등포경찰서,2017,Y,2026-05-08,3180000,서울특별시 영등포구
GS25 여의타워점,서울특별시,영등포구,11560,서울특별시 영등포구 63로 36,서울특별시 영등포구 여의도동 61-5,37.5194119,126.9386126,02-761-9377,서울영등포경찰서,2017,Y,2026-05-08,3180000,서울특별시 영등포구
GS25 여의KTB점,서울특별시,영등포구,11560,서울특별시 영등포구 여의도동 여의대로 66 iM증권빌딩 지하 1층,서울특별시 영등포구 여의도동 23-3,37.52448728,126.9237676,02-848-0600,서울영등포경찰서,2024,Y,2026-05-08,3180000,서울특별시 영등포구
GS25 양평중앙점,서울특별시,영등포구,11560,서울특별시 영등포구 양평로18길 8,서울특별시 영등포구 양평동4가 161-6,37.537202,126.8971124,02-2633-1247,서울영등포경찰서,2017,Y,2026-05-08,3180000,서울특별시 영등포구
GS25 양평보보점,서울특별시,영등포구,11560,"서울특별시 영등포구 양산로7길 3, 105호","서울특별시 영등포구 양평동3가 17-1, 우림보보카운티오피스텔",37.5258146,126.887188,02-2677-9525,서울영등포경찰서,2017,Y,2026-05-08,3180000,서울특별시 영등포구
GS25 신길역점,서울특별시,영등포구,11560,서울특별시 영등포구 경인로114가길 4,서울특별시 영등포구 영등포동1가 79-1,37.518139,126.9140004,02-2631-5124,서울영등포경찰서,2017,Y,2026-05-08,3180000,서울특별시 영등포구
GS25 선유도타워점,서울특별시,영등포구,11560,"서울특별시 영등포구 선유로49길 23, 비즈타워 123호",서울특별시 영등포구 양평동4가 80,37.53618647,126.8950593,02-6123-4088,서울영등포경찰서,2024,Y,2026-05-08,3180000,서울특별시 영등포구
GS25 문래에이스점,서울특별시,영등포구,11560,"서울특별시 영등포구 경인로 775, 112호","서울특별시 영등포구 문래동3가 55-20, 에이스하이테크시티",37.5147453,126.8975388,02-3439-0084,서울영등포경찰서,2017,Y,2026-05-08,3180000,서울특별시 영등포구
GS25 문래공원점,서울특별시,영등포구,11560,서울특별시 영등포구 도림로 441-1,서울특별시 영등포구 문래동2가 15-1,37.5144393,126.893816,02-2633-6262,서울영등포경찰서,2017,Y,2026-05-08,3180000,서울특별시 영등포구
GS25 문래LG점,서울특별시,영등포구,11560,서울특별시 영등포구 당산로 34 로데오 135호,서울특별시 영등포구 문래동3가 55-5,37.517425,126.8964798,02-2633-4993,서울영등포경찰서,2017,Y,2026-05-08,3180000,서울특별시 영등포구
GS25 동여의점,서울특별시,영등포구,11560,서울특별시 영등포구 여의대방로65길 23 포레스텔빌딩,서울특별시 영등포구 여의도동 45-13,37.5201347,126.9288023,02-785-2524,서울영등포경찰서,2017,Y,2026-05-08,3180000,서울특별시 영등포구
GS25 대림으뜸점,서울특별시,영등포구,11560,서울특별시 영등포구 도림로41길 6,서울특별시 영등포구 대림3동 710,37.494474,126.898262,02-848-1964,서울영등포경찰서,2017,Y,2026-05-08,3180000,서울특별시 영등포구
GS25 대림역점,서울특별시,영등포구,11560,서울특별시 영등포구 대림로29길 43,서울특별시 영등포구 대림3동 808-26,37.493751,126.895409,02-832-5931,서울영등포경찰서,2017,Y,2026-05-08,3180000,서울특별시 영등포구
GS25 대림본점,서울특별시,영등포구,11560,서울특별시 영등포구 디지털로54가길 2,서울특별시 영등포구 대림2동 1024-11,37.488819,126.902996,02-848-5070,서울영등포경찰서,2017,Y,2026-05-08,3180000,서울특별시 영등포구
GS25 당산양남점,서울특별시,영등포구,11560,서울특별시 영등포구 선유동1로 12-1,서울특별시 영등포구 당산동2가 111,37.5232097,126.891845,02-2636-7211,서울영등포경찰서,2017,Y,2026-05-08,3180000,서울특별시 영등포구
CU 여의동산점,서울특별시,영등포구,11560,서울특별시 영등포구 여의대방로417 대교상가 비-(여의도동),서울특별시 영등포구 여의도동41-2 대교상가 비,37.521033,126.9343081,02-783-8400,서울영등포경찰서,2017,Y,2026-05-08,3180000,서울특별시 영등포구
CU 여의도아이비점,서울특별시,영등포구,11560,서울특별시 영등포구 국제금융로 86,서울특별시 영등포구 여의도동 43-4 롯데캐슬아이비,37.520205,126.9318022,,서울영등포경찰서,2017,Y,2026-05-08,3180000,서울특별시 영등포구
CU 선유도역점,서울특별시,영등포구,11560,"서울특별시 영등포구 양평로22길 21 코오롱디지털타워 102, 103호",서울특별시 영등포구 양평동5가 106-1,37.5398087,126.8946576,,서울영등포경찰서,2017,Y,2026-05-08,3180000,서울특별시 영등포구
CU 문래한신점,서울특별시,영등포구,11560,서울특별시 영등포구 문래로20길 14,서울특별시 영등포구 문래동3가 77-2 문래공원한신아파트,37.5171347,126.8933186,02-2632-0026,서울영등포경찰서,2017,Y,2026-05-08,3180000,서울특별시 영등포구
CU 대림디지털점,서울특별시,영등포구,11560,서울특별시 영등포구 디지털로 404,서울특별시 영등포구 대림동 868-15,37.492568,126.9036604,,서울영등포경찰서,2017,Y,2026-05-08,3180000,서울특별시 영등포구
CU 당산중앙점,서울특별시,영등포구,11560,서울특별시 영등포구 당산로49길 6 1층,서울특별시 영등포구 당산동 6가 324-5,37.535542,126.902427,02-2068-8496,서울영등포경찰서,2017,Y,2026-05-08,3180000,서울특별시 영등포구
세븐일레븐 당산역본점,서울특별시,영등포구,11560,서울특별시 영등포구 당산로 237,서울특별시 영등포구 당산동6가 306-1,37.5349138,126.902264,02-2068-9457,서울영등포경찰서,2017,Y,2026-05-08,3180000,서울특별시 영등포구
GS25 금천태양점,서울특별시,금천구,11545,서울특별시 금천구 시흥대로141길 47 (독산동),서울특별시 금천구 독산동 144-49,37.47494553,126.8975384,02-855-3174,서울금천경찰서,2014,Y,2026-06-15,3170000,서울특별시 금천구
GS25 금천중앙점,서울특별시,금천구,11545,서울특별시 금천구 시흥대로 406 (독산동),서울특별시 금천구 독산동 286-8,37.46965614,126.8984645,02-839-3117,서울금천경찰서,2014,Y,2026-06-15,3170000,서울특별시 금천구
CU 시흥금빛점,서울특별시,금천구,11545,서울특별시 금천구 금하로 657 팔삼구빌딩 (시흥동),서울특별시 금천구 시흥동 839,37.45363719,126.904001,02-896-5287,서울금천경찰서,2014,Y,2026-06-15,3170000,서울특별시 금천구
CU 독산시장점,서울특별시,금천구,11545,서울특별시 금천구 시흥대로138길 13 (독산동),서울특별시 금천구 독산동 988-13,37.47285733,126.8993912,02-855-8964,서울금천경찰서,2014,Y,2026-06-15,3170000,서울특별시 금천구
CU 가산원룸점,서울특별시,금천구,11545,서울특별시 금천구 시흥대로153길 42 (가산동),서울특별시 금천구 가산동 147-7,37.47720455,126.896092,02-856-1108,서울금천경찰서,2014,Y,2026-06-15,3170000,서울특별시 금천구
GS25 독산우정점,서울특별시,금천구,11545,서울특별시 금천구 독산로75길 34 (독산동),서울특별시 금천구 독산동 196-21,37.46925504,126.9005498,02-869-4159,서울금천경찰서,2014,Y,2026-06-15,3170000,서울특별시 금천구
GS25  신정성의,서울특별시,양천구,11470,서울특별시 양천구 중앙로54길 21,서울특별시 양천구 신정동 932-9,37.526562,126.852094,02-2691-7268,신정5치안센터,2015,Y,2026-02-14,3140000,서울특별시 양천구
GS25  신월태진,서울특별시,양천구,11470,서울특별시 양천구 중앙로55길 28,서울특별시 양천구 신월동 457-13,37.526414,126.846328,02-2603-8020,신월2지구대,2015,Y,2026-02-14,3140000,서울특별시 양천구
GS25  목동스위트,서울특별시,양천구,11470,"서울특별시 양천구 목동서로 65, 목동가든스위트",서울특별시 양천구 목동 907-5,37.536125,126.878732,02-2062-3007,목6치안센터,2015,Y,2026-02-14,3140000,서울특별시 양천구
GS25  목동리치,서울특별시,양천구,11470,"서울특별시 양천구 목동중앙북로7가길 61, 목동 RICH SQUARE",서울특별시 양천구 목동 613-1,37.549728,126.864175,02-2645-7580,목2치안센터,2015,Y,2026-02-14,3140000,서울특별시 양천구
CU  신정중앙로점,서울특별시,양천구,11470,"서울특별시 양천구 오목로37길 22, 비동",서울특별시 양천구 신정동 912-11,37.526963,126.856085,02-6338-3663,신정5치안센터,2017,Y,2026-02-14,3140000,서울특별시 양천구
CU  목동하이페리온점,서울특별시,양천구,11470,"서울특별시 양천구 오목로 300, 목동 현대 하이페리온2 201동",서울특별시 양천구 목동 961,37.524831,126.870022,02-2640-0855,목1지구대,2017,Y,2026-02-14,3140000,서울특별시 양천구
CU  목동아카데미점,서울특별시,양천구,11470,서울특별시 양천구 오목로 276-6,서울특별시 양천구 목동 408-53,37.524991,126.867881,02-2644-3285,목1지구대,2017,Y,2026-02-14,3140000,서울특별시 양천구
CU  이대목동병원점,서울특별시,양천구,11470,"서울특별시 양천구 안양천로 1071, 이대목동병원",서울특별시 양천구 목동 911-1,37.536983,126.886746,02-2653-8765,목4치안센터,2015,Y,2026-02-14,3140000,서울특별시 양천구
CU  신월가로공원점,서울특별시,양천구,11470,서울특별시 양천구 가로공원로 142,서울특별시 양천구 신월동 94-9,37.53611031,126.831719,02-2696-3324,신월1파출소,2015,Y,2026-02-14,3140000,서울특별시 양천구
CU  목4동점,서울특별시,양천구,11470,서울특별시 양천구 목동중앙남로5길 46,서울특별시 양천구 목동 728-21,37.536927,126.864389,02-2648-3547,목4치안센터,2016,Y,2026-02-14,3140000,서울특별시 양천구
세븐일레븐  목동점,서울특별시,양천구,11470,"서울특별시 양천구 목동동로 130, 목동신시가지아파트14단지",서울특별시 양천구 신정동 329,37.514999,126.8712369,02-2645-4572,신정1지구대,2015,Y,2026-02-14,3140000,서울특별시 양천구
CU 홍대3호점,서울특별시,마포구,11440,서울특별시 마포구 와우산로29길 16,,37.555017,126.929020,02-325-2237,서울마포경찰서,,Y,2026-05-08,3130000,서울특별시 마포구
CU 서교3호점,서울특별시,마포구,11440,서울특별시 마포구 양화로 100-13,,37.552518,126.919335,070-7778-5347,서울마포경찰서,,Y,2026-05-08,3130000,서울특별시 마포구
CU 마포양화공원점,서울특별시,마포구,11440,서울특별시 마포구 포은로 29,,37.550136,126.908128,02-323-3320,서울마포경찰서,,Y,2026-05-08,3130000,서울특별시 마포구
CU 망원2동점,서울특별시,마포구,11440,서울특별시 마포구 방울내로 38,,37.558690,126.900209,02-333-6396,서울마포경찰서,,Y,2026-05-08,3130000,서울특별시 마포구
CU 한강시민공원점,서울특별시,마포구,11440,서울특별시 마포구 망원로 8,,37.555730,126.897806,02-336-2044,서울마포경찰서,,Y,2026-05-08,3130000,서울특별시 마포구
GS25 상암7단지,서울특별시,마포구,11440,"서울특별시 마포구 상암산로1길 92, 상가 101호",,37.582756,126.882099,02-303-0509,서울마포경찰서,,Y,2026-05-08,3130000,서울특별시 마포구
GS25 합정본점,서울특별시,마포구,11440,서울특별시 마포구 양화로 59,,37.550638,126.914886,02-3144-1013,서울마포경찰서,,Y,2026-05-08,3130000,서울특별시 마포구
GS25 합정청마점,서울특별시,마포구,11440,서울특별시 마포구 포은로 42,,37.551321,126.907220,02-335-3951,서울마포경찰서,,Y,2026-05-08,3130000,서울특별시 마포구
GS25 연남경성점,서울특별시,마포구,11440,서울특별시 마포구 성미산로 112,,37.562042,126.919575,02-332-7286,서울마포경찰서,,Y,2026-05-08,3130000,서울특별시 마포구
GS25 연남타운,서울특별시,마포구,11440,서울특별시 마포구 월드컵북로6길 69,,37.559734,126.921725,070-8959-3702,서울마포경찰서,,Y,2026-05-08,3130000,서울특별시 마포구
GS25 연남공원,서울특별시,마포구,11440,서울특별시 마포구 동교로29길 32,,37.561931,126.923245,02-324-7978,서울마포경찰서,,Y,2026-05-08,3130000,서울특별시 마포구
GS25 홍대동교,서울특별시,마포구,11440,서울특별시 마포구 양화로21길 21,,37.559089,126.924825,02-322-7590,서울마포경찰서,,Y,2026-05-08,3130000,서울특별시 마포구
GS25 상암9단지,서울특별시,마포구,11440,서울특별시 마포구 월드컵북로 501,,37.584800,126.878171,02-304-1785,서울마포경찰서,,Y,2026-05-08,3130000,서울특별시 마포구
GS25 마포도화,서울특별시,마포구,11440,서울특별시 마포구 도화2길 2,,37.540322,126.948604,02-3272-2225,서울마포경찰서,,Y,2026-05-08,3130000,서울특별시 마포구
GS25 망원중앙,서울특별시,마포구,11440,서울특별시 마포구 월드컵로 126,,37.559549,126.907229,02-3144-6685,서울마포경찰서,,Y,2026-05-08,3130000,서울특별시 마포구
세븐일레븐 마포노고산점,서울특별시,마포구,11440,서울특별시 마포구 신촌로14길 5,,37.555668,126.933982,02-3141-0711,서울마포경찰서,,Y,2026-05-08,3130000,서울특별시 마포구
세븐일레븐 망원대림점,서울특별시,마포구,11440,서울특별시 마포구 망원로1길 28,,37.557646,126.899753,02-322-0211,서울마포경찰서,,Y,2026-05-08,3130000,서울특별시 마포구
세븐일레븐 상암DMC빌점,서울특별시,마포구,11440,서울특별시 마포구 월드컵북로60길 13,,37.582344,126.884671,02-380-4848,서울마포경찰서,,Y,2026-05-08,3130000,서울특별시 마포구
세븐일레븐 마포아크로타워점,서울특별시,마포구,11440,서울특별시 마포구 마포대로 68,,37.541332,126.948967,02-703-0779,서울마포경찰서,,Y,2026-05-08,3130000,서울특별시 마포구
세븐일레븐 서교삼양점,서울특별시,마포구,11440,서울특별시 마포구 양화로6길 9-28,,37.550141,126.915945,02-3144-3821,서울마포경찰서,,Y,2026-05-08,3130000,서울특별시 마포구
세븐일레븐 당인동점,서울특별시,마포구,11440,서울특별시 마포구 어울마당로 26,,37.547433,126.919932,02-3142-7562,서울마포경찰서,,Y,2026-05-08,3130000,서울특별시 마포구
세븐일레븐 마포연남점,서울특별시,마포구,11440,서울특별시 마포구 성미산로 142,,37.563659,126.922310,02-3141-9809,서울마포경찰서,,Y,2026-05-08,3130000,서울특별시 마포구
세븐일레븐 서교2호점,서울특별시,마포구,11440,서울특별시 마포구 독막로7길 16,,37.548558,126.918978,02-324-8247,서울마포경찰서,,Y,2026-05-08,3130000,서울특별시 마포구
CU 공덕센트럴점,서울특별시,마포구,11440,서울특별시 마포구 만리재로 45,,37.545521,126.955588,02-713-1623,서울마포경찰서,,Y,2026-05-08,3130000,서울특별시 마포구
CU 상암4단지점,서울특별시,마포구,11440,서울특별시 마포구 월드컵북로 381,,37.577953,126.889863,02-308-5287,서울마포경찰서,,Y,2026-05-08,3130000,서울특별시 마포구
CU 마포구청점,서울특별시,마포구,11440,서울특별시 마포구 월드컵로 139,,37.560301,126.905946,02-3141-4928,서울마포경찰서,,Y,2026-05-08,3130000,서울특별시 마포구
CU 망원월드컵점,서울특별시,마포구,11440,서울특별시 마포구 망원로 95,,37.557904,126.907302,02-335-1589,서울마포경찰서,,Y,2026-05-08,3130000,서울특별시 마포구
CU 연남파크점,서울특별시,마포구,11440,서울특별시 마포구 성미산로32길 47,,37.562810,126.922727,02-322-3272,서울마포경찰서,,Y,2026-05-08,3130000,서울특별시 마포구
세븐일레븐 홍대본점,서울특별시,마포구,11440,서울특별시 마포구 어울마당로 58,,37.550105,126.921264,02-322-3289,서울마포경찰서,,Y,2026-05-08,3130000,서울특별시 마포구
세븐일레븐정릉이수점,서울특별시,성북구,11290,서울특별시 성북구 북악산로 842,서울특별시 성북구 정릉동 45-39,37.5992011,127.0176971,02-909-2725,성북경찰서,2014,Y,2026-06-09,3070000,서울특별시 성북구
세븐일레븐월곡삼양점,서울특별시,성북구,11290,서울특별시 성북구 오패산로17길 40,서울특별시 성북구 하월곡동 83-28,37.6079243,127.0338384,02-941-7008,종암경찰서,2014,Y,2026-06-09,3070000,서울특별시 성북구
세븐일레븐성북성신여고점,서울특별시,성북구,11290,서울특별시 성북구 동소문로 26가길 40,서울특별시 성북구 동선동3가 76,37.59479315,127.021170,02-6369-4845,성북경찰서,2014,Y,2026-06-09,3070000,서울특별시 성북구
세븐일레븐성북구청후문점,서울특별시,성북구,11290,서울특별시 성북구 보문로32길 14,서울특별시 성북구 삼선동5가 409,37.58940782,127.0173588,02-923-3375,성북경찰서,2014,Y,2026-06-09,3070000,서울특별시 성북구
세븐일레븐보문점,서울특별시,성북구,11290,서울특별시 성북구 안암로1길 45,서울특별시 성북구 보문동7가 23-7,37.5805073,127.0224295,02-927-4203,성북경찰서,2014,Y,2026-06-09,3070000,서울특별시 성북구
세븐일레븐장위드림점,서울특별시,성북구,11290,서울특별시 성북구 장월로 113,서울특별시 성북구 장위동 238-122,37.6159414,127.0483295,02-918-2306,종암경찰서,2014,Y,2026-06-09,3070000,서울특별시 성북구
세븐일레븐장위중앙점,서울특별시,성북구,11290,서울특별시 성북구 장위로 38,서울특별시 성북구 장위동 231-590,37.614201,127.0407016,1577-9621,종암경찰서,2014,Y,2026-06-09,3070000,서울특별시 성북구
세븐일레븐상월곡역점,서울특별시,성북구,11290,서울특별시 성북구 화랑로 186,서울특별시 성북구 석관동 341-16,37.60743005,127.0510151,02-6348-0830,종암경찰서,2014,Y,2026-06-09,3070000,서울특별시 성북구
GS25정릉시장점,서울특별시,성북구,11290,서울특별시 성북구 솔샘로6길 66,서울특별시 성북구 정릉동 372-7,37.608747,127.0077829,02-1644-5425,종암경찰서,2014,Y,2026-06-09,3070000,서울특별시 성북구
GS25성북장위,서울특별시,성북구,11290,서울특별시 성북구 화랑로33길 39,서울특별시 성북구 장위동 66-9,37.6118122,127.0545188,02-912-0177,종암경찰서,2014,Y,2026-06-09,3070000,서울특별시 성북구
GS25석관미소,서울특별시,성북구,11290,서울특별시 성북구 돌곶이로8바길 39,서울특별시 성북구 석관동 67-18,37.6089057,127.0637025,02-959-0920,종암경찰서,2014,Y,2026-06-09,3070000,서울특별시 성북구
GS25성북석관,서울특별시,성북구,11290,"서울특별시 성북구 돌곶이로 46, 1층",서울특별시 성북구 석관동 301-8,37.6082436,127.0598793,02-959-2273,종암경찰서,2014,Y,2026-06-09,3070000,서울특별시 성북구
GS25동덕여대사랑,서울특별시,성북구,11290,서울특별시 성북구 화랑로13길 42,서울특별시 성북구 하월곡동 21-56,37.60512716,127.0417578,02-915-7705,종암경찰서,2014,Y,2026-06-09,3070000,서울특별시 성북구
GS25성신행운,서울특별시,성북구,11290,서울특별시 성북구 보문로30가길 12,서울특별시 성북구 안암동1가 47-2,37.589201,127.0203049,02-923-8449,성북경찰서,2014,Y,2026-06-09,3070000,서울특별시 성북구
GS25성신여대,서울특별시,성북구,11290,서울특별시 성북구 보문로34길 88,서울특별시 성북구 동선동2가 154,37.59125586,127.0201519,02-4231-9513,성북경찰서,2014,Y,2026-06-09,3070000,서울특별시 성북구
GS25성북한천로,서울특별시,성북구,11290,서울특별시 성북구 한천로 572,서울특별시 성북구 석관동 124-34,37.6108434,127.0630028,02-965-5152,종암경찰서,2014,Y,2026-06-09,3070000,서울특별시 성북구
GS25길음뉴타운,서울특별시,성북구,11290,서울특별시 성북구 삼양로13길 45,서울특별시 성북구 길음동 1281-6,37.61072626,127.0196517,02-929-1315,종암경찰서,2014,Y,2026-06-09,3070000,서울특별시 성북구
GS25고대종암,서울특별시,성북구,11290,서울특별시 성북구 북악산로27길 14,서울특별시 성북구 종암동 31-46,37.59213004,127.0344125,02-929-0567,종암경찰서,2014,Y,2026-06-09,3070000,서울특별시 성북구
CU종암행복점,서울특별시,성북구,11290,서울특별시 성북구 종암로5길 29,서울특별시 성북구 종암동 34-6,37.5940509,127.0342589,02-926-4626,종암경찰서,2014,Y,2026-06-09,3070000,서울특별시 성북구
CU정릉청수점,서울특별시,성북구,11290,서울특별시 성북구 보국문로32길 3,서울특별시 성북구 정릉동 966-101,37.6172001,127.0024647,02-910-7072,성북경찰서,2014,Y,2026-06-09,3070000,서울특별시 성북구
CU성북점,서울특별시,성북구,11290,서울특별시 성북구 성북로8길 4,서울특별시 성북구 성북동 184-48,37.5906171,127.0043319,02-747-4634,성북경찰서,2014,Y,2026-06-09,3070000,서울특별시 성북구
CU성북삼선점,서울특별시,성북구,11290,서울특별시 성북구 삼선교로 16길 48,서울특별시 성북구 삼선동2가 212-1,37.5861266,127.0108003,02-6012-6209,성북경찰서,2014,Y,2026-06-09,3070000,서울특별시 성북구
CU성북로데오점,서울특별시,성북구,11290,서울특별시 성북구 동소문로20가길 22,서울특별시 성북구 동선동1가 100,37.59263467,127.0177319,02-929-0622,성북경찰서,2014,Y,2026-06-09,3070000,서울특별시 성북구
세븐일레븐석관중학교점,서울특별시,성북구,11290,서울특별시 성북구 한천로 509,서울특별시 성북구 석관동 405,37.60698616,127.0657177,02-957-2535,종암경찰서,2014,Y,2026-06-09,3070000,서울특별시 성북구
세븐일레븐 남산2호점,서울특별시,중구,11020,서울특별시 중구 소파로 142,,37.55944639,126.9882216,,충무파출소,,Y,2026-05-26,3010000,서울특별시 중구
세븐일레븐 충정로2호점,서울특별시,중구,11020,서울특별시 중구 중림로 10,,37.55892666,126.9643209,,중림파출소,,Y,2026-05-26,3010000,서울특별시 중구
CU중구약수점,서울특별시,중구,11020,서울특별시 중구 다산로14길 18,,37.5557428,127.0123327,,약수지구대,,Y,2026-05-26,3010000,서울특별시 중구
GS25청계천패션점,서울특별시,중구,11020,서울특별시 중구 청계천로 318,,37.56935713,127.0137916,,광희지구대,,Y,2026-05-26,3010000,서울특별시 중구
GS25숭례문점,서울특별시,중구,11020,서울특별시 중구 남대문로 7,,37.5608094,126.9765577,,태평로파출소,,Y,2026-05-26,3010000,서울특별시 중구
세븐일레븐충무퇴계점,서울특별시,중구,11020,서울특별시 중구 퇴계로 209,,37.561614,126.9950156,,충무파출소,,Y,2026-05-26,3010000,서울특별시 중구
세븐일레븐중구스카이점,서울특별시,중구,11020,서울특별시 중구 퇴계로 139,,37.56148091,126.9872026,,명동파출소,,Y,2026-05-26,3010000,서울특별시 중구
세븐일레븐서소문점,서울특별시,중구,11020,서울특별시 중구 서소문로 101,,37.5628291,126.9723636,,서소문파출소,,Y,2026-05-26,3010000,서울특별시 중구
세븐일레븐약수역점,서울특별시,중구,11020,서울특별시 중구 다산로 110,,37.5535103,127.010208,,약수지구대,,Y,2026-05-26,3010000,서울특별시 중구
GS25신당점,서울특별시,중구,11020,서울특별시 중구 동호로10길 21,,37.5549202,127.0117754,,약수지구대,,Y,2026-05-26,3010000,서울특별시 중구
GS25신당삼성점,서울특별시,중구,11020,서울특별시 중구 청구로1길 23,,37.55853588,127.0184475,,약수지구대,,Y,2026-05-26,3010000,서울특별시 중구
GS25북창점,서울특별시,중구,11020,서울특별시 중구 남대문로1길 26,,37.5621584,126.9775104,,태평로파출소,,Y,2026-05-26,3010000,서울특별시 중구
cu청구역점,서울특별시,중구,11020,서울특별시 중구 청구로 94,,37.5609331,127.0120265,,광희지구대,,Y,2026-05-26,3010000,서울특별시 중구
cu청구대로점,서울특별시,중구,11020,서울특별시 중구 다산로 175,,37.5592388,127.012848,,약수지구대,,Y,2026-05-26,3010000,서울특별시 중구
cu중구회현점,서울특별시,중구,11020,서울특별시 중구 퇴계로 70,,37.55920739,126.9798501,,회현파출소,,Y,2026-05-26,3010000,서울특별시 중구
cu중구필동점,서울특별시,중구,11020,서울특별시 중구 서애로21,,37.56040056,126.997415,,충무파출소,,Y,2026-05-26,3010000,서울특별시 중구
cu남대문로5가점,서울특별시,중구,11020,서울특별시 중구 세종대로 8-1,서울특별시 중구 남대문로5가 84-6,37.5575965,126.9734044,,서울역파출소,,Y,2026-05-26,3010000,서울특별시 중구
세븐일레븐 중구황학동점,서울특별시,중구,11020,서울특별시 중구 마장로 89,,37.5684513,127.0198156,,광희지구대,,Y,2026-05-26,3010000,서울특별시 중구
세븐일레븐평창점,서울특별시,종로구,11110,서울특별시 종로구 평창11길 17,서울특별시 종로구 평창동 343-1,37.60696451,126.9659579,02-394-9077,서울종로경찰서,2016,Y,2026-05-18,3000000,서울특별시 종로구
세븐일레븐혜화점,서울특별시,종로구,11110,서울특별시 종로구 창경궁로 273,서울특별시 종로구 혜화동 111-7,37.58579594,127.0005906,02-764-9367,서울혜화경찰서,2014,Y,2026-05-18,3000000,서울특별시 종로구
세븐일레븐종로배화점,서울특별시,종로구,11110,서울특별시 종로구 필운대로 12,서울특별시 종로구 필운동 163,37.57716353,126.9694373,02-736-0996,서울종로경찰서,2016,Y,2026-05-18,3000000,서울특별시 종로구
미니스톱동대문역점,서울특별시,종로구,11110,서울특별시 종로구 종로 313-1,서울특별시 종로구 창신동 154-1,37.57233208,127.0125644,02-745-3206,서울혜화경찰서,2014,Y,2026-05-18,3000000,서울특별시 종로구
미니스톱종로6가점,서울특별시,종로구,11110,서울특별시 종로구 종로41길 3,서울특별시 종로구 종로6가 247-1,37.57143319,127.006541,,서울혜화경찰서,2014,Y,2026-05-18,3000000,서울특별시 종로구
GS25종로도렴점,서울특별시,종로구,11110,서울특별시 종로구 새문안로5길 31,서울특별시 종로구 도렴동 65,37.57297651,126.9743513,,서울종로경찰서,2017,Y,2026-05-18,3000000,서울특별시 종로구
GS25종로누하점,서울특별시,종로구,11110,서울특별시 종로구 필운대로 39,서울특별시 종로구 누하동 57-2,37.57953437,126.968627,02-737-4524,서울종로경찰서,2016,Y,2026-05-18,3000000,서울특별시 종로구
GS25상명사랑점,서울특별시,종로구,11110,서울특별시 종로구 세검정로 230,서울특별시 종로구 홍지동 94-2,37.60015497,126.9585206,02-379-2325,서울종로경찰서,2014,Y,2026-05-18,3000000,서울특별시 종로구
CU종로행촌점,서울특별시,종로구,11110,서울특별시 종로구 통일로12길 62,서울특별시 종로구 행촌동 210-113,37.57503706,126.9618966,02-722-1378,서울종로경찰서,2017,Y,2026-05-18,3000000,서울특별시 종로구
CU종로원서점,서울특별시,종로구,11110,서울특별시 종로구 창덕궁길 120,서울특별시 종로구 원서동 45,37.58281182,126.9893647,02-741-5097,서울종로경찰서,2017,Y,2026-05-18,3000000,서울특별시 종로구
CU종로배화점,서울특별시,종로구,11110,서울특별시 종로구 필운대로1길 36,서울특별시 종로구 필운동 41,37.57794345,126.9675106,02-720-2976,서울종로경찰서,2017,Y,2026-05-18,3000000,서울특별시 종로구
CU종로중앙점,서울특별시,종로구,11110,서울특별시 종로구 종로12길 7,서울특별시 종로구 관철동 14-10,37.56969893,126.9859006,02-737-5090,서울종로경찰서,2014,Y,2026-05-18,3000000,서울특별시 종로구
CU종로신교점,서울특별시,종로구,11110,서울특별시 종로구 필운대로 112-4,서울특별시 종로구 신교동 36,37.58368822,126.9696541,02-735-9777,서울종로경찰서,2014,Y,2026-05-18,3000000,서울특별시 종로구
CU종로삼청점,서울특별시,종로구,11110,서울특별시 종로구 삼청로 132,서울특별시 종로구 삼청동 22,37.58711566,126.9817987,02-736-8777,서울종로경찰서,2015,Y,2026-05-18,3000000,서울특별시 종로구
CU종로공원점,서울특별시,종로구,11110,서울특별시 종로구 율곡로 271,서울특별시 종로구 종로6가 12-9,37.5732025,127.007592,02-3676-6659,서울혜화경찰서,2016,Y,2026-05-18,3000000,서울특별시 종로구
CU명륜성대점,서울특별시,종로구,11110,서울특별시 종로구 창경궁로 236,서울특별시 종로구 명륜4가 187,37.58264363,126.9988342,02-742-7897,서울혜화경찰서,2016,Y,2026-05-18,3000000,서울특별시 종로구
CU마로니에점,서울특별시,종로구,11110,서울특별시 종로구 대학로 81,서울특별시 종로구 연건동 78-2,37.5784185,127.0019231,02-743-8249,서울혜화경찰서,2014,Y,2026-05-18,3000000,서울특별시 종로구
CU동숭아트점,서울특별시,종로구,11110,서울특별시 종로구 동숭길 114,서울특별시 종로구 동숭동 28,37.58317453,127.0038343,070-8808-5643,서울혜화경찰서,2014,Y,2026-05-18,3000000,서울특별시 종로구
CU동대문역점,서울특별시,종로구,11110,서울특별시 종로구 종로46길 5,서울특별시 종로구 창신동 464-16,37.57125942,127.010979,02-747-8508,서울혜화경찰서,2014,Y,2026-05-18,3000000,서울특별시 종로구
CU광화문광장점,서울특별시,종로구,11110,서울특별시 종로구 새문안로 103-1,서울특별시 종로구 신문로1가 1-1,37.57048096,126.976179,02-722-2456,서울종로경찰서,2016,Y,2026-05-18,3000000,서울특별시 종로구
세븐일레븐대학로카페점,서울특별시,종로구,11110,서울특별시 종로구 동숭길 143,서울특별시 종로구 동숭동 1-37,37.58326484,127.0024385,02-741-7652,서울혜화경찰서,2016,Y,2026-05-18,3000000,서울특별시 종로구
세븐일레븐노원제일점 B,서울특별시,노원구,11350,서울특별시 노원구 동일로1417,,37.65506998,127.0599384,02-934-9102,노원경찰서,,Y,2026-04-14,3100000,서울특별시 노원구
세븐일레븐노원역,서울특별시,노원구,11350,서울특별시 노원구 동일로217가길 11,,37.6534006,127.0598701,02-930-4880,노원경찰서,,Y,2026-04-14,3100000,서울특별시 노원구
세븐일레븐광운대후문,서울특별시,노원구,11350,서울특별시 노원구 석계로13길 48,,37.6212056,127.0610833,070-8844-0864,노원경찰서,,Y,2026-04-14,3100000,서울특별시 노원구
세븐일레븐노원중앙점 B,서울특별시,노원구,11350,서울특별시 노원구 노해로 85길 10-2,,37.65584919,127.0653269,02-930-8431,노원경찰서,,Y,2026-04-14,3100000,서울특별시 노원구
세븐일레븐중계은행,서울특별시,노원구,11350,서울특별시 노원구 중계로220,,37.6508341,127.075668,02-930-2301,노원경찰서,,Y,2026-04-14,3100000,서울특별시 노원구
세븐일레븐상계4호점,서울특별시,노원구,11350,서울특별시 노원구 동일로217가길 23,,37.6532418,127.0590584,02-937-5907,노원경찰서,,Y,2026-04-14,3100000,서울특별시 노원구
세븐일레븐공릉점,서울특별시,노원구,11350,서울특별시 노원구 공릉로101,,37.61930125,127.0778185,02-971-0831,노원경찰서,,Y,2026-04-14,3100000,서울특별시 노원구
CU노원상계중앙,서울특별시,노원구,11350,서울특별시 노원구 동일로238길 26,,37.67412184,127.0569034,02-935-8984,노원경찰서,,Y,2026-04-14,3100000,서울특별시 노원구
CU하계대진점,서울특별시,노원구,11350,서울특별시 노원구 공릉로58길149(하계동),,37.636735,127.076198,02-948-1018,노원경찰서,,Y,2026-04-14,3100000,서울특별시 노원구
CU서울여대후문,서울특별시,노원구,11350,서울특별시 노원구 화랑로51길 18,,37.6239499,127.0896879,02-976-5992,노원경찰서,,Y,2026-04-14,3100000,서울특별시 노원구
CU중계주공,서울특별시,노원구,11350,서울특별시 노원구 한글비석로8길 41,,37.64866273,127.0775979,02-937-9634,노원경찰서,,Y,2026-04-14,3100000,서울특별시 노원구
CU공릉마중,서울특별시,노원구,11350,서울특별시 노원구 동일로183길 9,,37.623019,127.0731103,02-977-4007,노원경찰서,,Y,2026-04-14,3100000,서울특별시 노원구
CU공릉건설,서울특별시,노원구,11350,서울특별시 노원구 공릉로 187,,37.6264058,127.0786623,02-972-8285,노원경찰서,,Y,2026-04-14,3100000,서울특별시 노원구
CU상계현대,서울특별시,노원구,11350,서울특별시 노원구 덕릉로118길 17,,37.66778003,127.0798354,02-938-3579,노원경찰서,,Y,2026-04-14,3100000,서울특별시 노원구
CU상계계상,서울특별시,노원구,11350,서울특별시 노원구 한글비석로41가길 1,,37.661949,127.0684283,02-935-5517,노원경찰서,,Y,2026-04-14,3100000,서울특별시 노원구
GS25노원수락산역,서울특별시,노원구,11350,서울특별시 노원구 동일로242가길 16,,37.67657347,127.0560173,02-932-5511,노원경찰서,,Y,2026-04-14,3100000,서울특별시 노원구
GS25중계8단지,서울특별시,노원구,11350,서울특별시 노원구 한글비석로5길 62 상가동 105호,,37.64637138,127.0749597,02-951-0871,노원경찰서,,Y,2026-04-14,3100000,서울특별시 노원구
GS25월계성원,서울특별시,노원구,11350,"서울특별시 노원구 마들로 3길37,104",,37.62860841,127.0627957,02-979-4379,노원경찰서,,Y,2026-04-14,3100000,서울특별시 노원구
GS25상계으뜸,서울특별시,노원구,11350,서울특별시 노원구 노원로28길 73,,37.65501704,127.0709472,02-935-8984,노원경찰서,,Y,2026-04-14,3100000,서울특별시 노원구
GS25노원아이파크,서울특별시,노원구,11350,"서울특별시 노원구 상계로23다길 13-8, 101동 118,119호",,37.65983293,127.0691688,02-931-1386,노원경찰서,,Y,2026-04-14,3100000,서울특별시 노원구
GS25월계주공,서울특별시,노원구,11350,서울특별시 노원구 월계로45길 28,,37.62684097,127.0509722,02-904-2072,노원경찰서,,Y,2026-04-14,3100000,서울특별시 노원구
GS25상계현대,서울특별시,노원구,11350,서울특별시 노원구 동일로 237길 46 1층,,37.6736192,127.0528328,02-935-8984,노원경찰서,,Y,2026-04-14,3100000,서울특별시 노원구
세븐일레븐 사당남성점,서울특별시,동작구,11590,서울특별시 동작구 사당로14길 30,서울특별시 동작구 사당동 272-38,37.48301957,126.9711499,02-588-4286,사당지구대,,Y,2026-02-27,3190000,서울특별시 동작구
세븐일레븐 동작대리점,서울특별시,동작구,11590,서울특별시 동작구 사당로 56,서울특별시 동작구 상도동 509-2,37.49457509,126.9605651,,상도지구대,,Y,2026-02-27,3190000,서울특별시 동작구
cu 상도역점,서울특별시,동작구,11590,서울특별시 동작구 상도로 266,서울특별시 동작구 상도1동 705,37.50345768,126.9472272,02-824-6291,상도지구대,,Y,2026-02-27,3190000,서울특별시 동작구
세븐일레븐 대방성남점,서울특별시,동작구,11590,서울특별시 동작구 대방동길 71,서울특별시 동작구 대방동 376-5,37.50445617,126.9251902,02-812-7573,노량진지구대,2017,Y,2026-02-27,3190000,서울특별시 동작구
세븐일레븐 보라매점,서울특별시,동작구,11590,서울특별시 동작구 보라매로5가길 16,서울특별시 동작구 신대방동 395-69,37.4912751,126.9240947,02-833-2460,대방파출소,2016,Y,2026-02-27,3190000,서울특별시 동작구
세븐일레븐 대방점,서울특별시,동작구,11590,서울특별시 동작구 등용로 119,서울특별시 동작구 대방동 37-2,37.51176046,126.9317706,02-815-8373,노량진지구대,2014,Y,2026-02-27,3190000,서울특별시 동작구
미니스톱 대방점,서울특별시,동작구,11590,서울특별시 동작구 상도로 69,서울특별시 동작구 대방동 393-65,37.49996051,126.928376,02-823-8148,노량진지구대,2014,Y,2026-02-27,3190000,서울특별시 동작구
gs25 동작역점,서울특별시,동작구,11590,"서울특별시 동작구 현충로 257,431-02호",서울특별시 동작구 동작동 327-1,37.50287037,126.9802684,080-855-5525,흑석지구대,2017,Y,2026-02-27,3190000,서울특별시 동작구
gs25 동작우체국,서울특별시,동작구,11590,서울특별시 동작구 여의대방로 22길78,서울특별시 동작구 신대방동 361-55,37.49770626,126.9242937,02-3280-0196,대방파출소,2016,Y,2026-02-27,3190000,서울특별시 동작구
cu 사당갯마을점,서울특별시,동작구,11590,서울특별시 동작구 동작대로43길 1,서울특별시 동작구 동작동 102-31,37.49638822,126.9823299,02-595-7435,남성지구대,2014,Y,2026-02-27,3190000,서울특별시 동작구
세븐일레븐 상도한마을점,서울특별시,동작구,11590,서울특별시 동작구 성대로 32,서울특별시 동작구 상도동 312-1,37.49916647,126.9330231,02-813-2079,대방파출소,2016,Y,2026-02-27,3190000,서울특별시 동작구
세븐일레븐 리버파크점,서울특별시,동작구,11590,서울특별시 동작구 만양로 19,서울특별시 동작구 노량진동 325-4,37.50707255,126.9457185,02-812-2394,상도지구대,2017,Y,2026-02-27,3190000,서울특별시 동작구
cu 상도약수점,서울특별시,동작구,11590,서울특별시 동작구 양녕로28길 4,서울특별시 동작구 상도동 211-225,37.49905332,126.9443329,02-812-3377,대방파출소,2016,Y,2026-02-27,3190000,서울특별시 동작구
cu  상도삼성점,서울특별시,동작구,11590,서울특별시 동작구 등용로 37,서울특별시 동작구 상도동 456,37.50523976,126.9331339,02-825-2229,상도지구대,2014,Y,2026-02-27,3190000,서울특별시 동작구
세븐일레븐 노량진역점,서울특별시,동작구,11590,서울특별시 동작구 노량진로14길 4,서울특별시 동작구 노량진동 59-44,37.51331419,126.9419624,02-812-5794,노량진지구대,2014,Y,2026-02-27,3190000,서울특별시 동작구
cu 동작구청점,서울특별시,동작구,11590,서울특별시 동작구 노량진로8길 54,서울특별시 동작구 노량진동 244-67,37.5122358,126.9382785,02-823-7889,노량진지구대,2014,Y,2026-02-27,3190000,서울특별시 동작구
cu 동작구청2호점,서울특별시,동작구,11590,서울특별시 동작구 노량진로8길 72,서울특별시 동작구 노량진동 244-12,37.51186226,126.9389931,02-813-4556,노량진지구대,2014,Y,2026-02-27,3190000,서울특별시 동작구
cu 노량진중심점,서울특별시,동작구,11590,서울특별시 동작구 장승배기로 122,서울특별시 동작구 노량진동 231-112,37.50849609,126.9403779,070-7788-2481,노량진지구대,2014,Y,2026-02-27,3190000,서울특별시 동작구
씨스페이스 흑석중앙대점,서울특별시,동작구,11590,서울특별시 동작구 서달로14가길 1,서울특별시 동작구 흑석동 52-1,37.50766357,126.9631272,02-825-6553,흑석지구대,,Y,2026-02-27,3190000,서울특별시 동작구
세븐일레븐 사당동작점,서울특별시,동작구,11590,서울특별시 동작구 동작대로35다길 22,서울특별시 동작구 사당동 67-6,37.49225013,126.9792885,,남성지구대,2014,Y,2026-02-27,3190000,서울특별시 동작구
미니스톱 사당점,서울특별시,동작구,11590,서울특별시 동작구 동작대로7길 12,서울특별시 동작구 사당동 1030-10,37.47998235,126.9808621,02-582-8316,사당지구대,2014,Y,2026-02-27,3190000,서울특별시 동작구
CU 신촌제일점,서울특별시,서대문구,11410,서울특별시 서대문구 연세로11길 39,서울특별시 서대문구 창천동 53-73,37.55895536,126.9346653,02-323-9267,서대문경찰서,,Y,2026-03-31,3120000,서울특별시 서대문구
CU 연희푸르지오점,서울특별시,서대문구,11410,서울특별시 서대문구 연희로 38,서울특별시 서대문구 연희동 353-89,37.56205932,126.9276484344,02-322-5895,서대문경찰서,,Y,2026-03-31,3120000,서울특별시 서대문구
GS25 창천휘가로점,서울특별시,서대문구,11410,서울특별시 서대문구 연희로2안길 7-29,서울특별시 서대문구 창천동 417,37.5598001806,126.9278484,02-323-2501,서대문경찰서,,Y,2026-03-31,3120000,서울특별시 서대문구
GS25 서대문창천점,서울특별시,서대문구,11410,서울특별시 서대문구 신촌로 3,서울특별시 서대문구 창천동 510-4,37.55871513,126.9275026,02-322-2506,서대문경찰서,,Y,2026-03-31,3120000,서울특별시 서대문구
세븐일레븐 신촌제일점,서울특별시,서대문구,11410,서울특별시 서대문구 신촌로11길 15,서울특별시 서대문구 창천동 111-15,37.55739153,126.9328552,02-6015-0043,서대문경찰서,,Y,2026-03-31,3120000,서울특별시 서대문구
emart24 신촌빌리지점,서울특별시,서대문구,11410,서울특별시 서대문구 신촌로11길 39,서울특별시 서대문구 창천동 67-6,37.55844276,126.9333796,02-332-6303,서대문경찰서,,Y,2026-03-31,3120000,서울특별시 서대문구
세븐일레븐 신촌원룸점,서울특별시,서대문구,11410,서울특별시 서대문구 성산로22길 22,서울특별시 서대문구 창천동 89-27,37.55988238,126.9340484,02-1577-0711,서대문경찰서,,Y,2026-03-31,3120000,서울특별시 서대문구
세븐일레븐 이대역점,서울특별시,서대문구,11410,서울특별시 서대문구 이화여대길 7,서울특별시 서대문구 대현동 40-4,37.55725119,126.945642,070-8848-9983,서대문경찰서,,Y,2026-03-31,3120000,서울특별시 서대문구
GS25 연대동문점,서울특별시,서대문구,11410,서울특별시 서대문구 봉원사길 6,서울특별시 서대문구 대신동 125-27,37.56699207,126.9467524,02-392-9225,서대문경찰서,,Y,2026-03-31,3120000,서울특별시 서대문구
CU 연세동문점,서울특별시,서대문구,11410,서울특별시 서대문구 연대동문길 26,서울특별시 서대문구 대신동 50-1,37.56358512,126.9438075,02-365-6914,서대문경찰서,,Y,2026-03-31,3120000,서울특별시 서대문구
GS25 연대2점,서울특별시,서대문구,11410,서울특별시 서대문구 연세로9길 8,서울특별시 서대문구 창천동 33-14,37.55857771,126.9364521,02-392-9225,서대문경찰서,,Y,2026-03-31,3120000,서울특별시 서대문구
GS25 신촌연세점,서울특별시,서대문구,11410,서울특별시 서대문구 연세로11길 16,서울특별시 서대문구 창천동 52-150,37.55903448,126.9358934,02-325-8256,서대문경찰서,,Y,2026-03-31,3120000,서울특별시 서대문구
GS25 북가좌은가점,서울특별시,서대문구,11410,서울특별시 서대문구 증가로12나길 101,서울특별시 서대문구 북가좌동 3-15,37.58271266,126.9198566,02-302-1474,서대문경찰서,,Y,2026-03-31,3120000,서울특별시 서대문구
GS25 북가좌제일점,서울특별시,서대문구,11410,서울특별시 서대문구 거북골로 170,서울특별시 서대문구 북가좌동 424-53,37.57665802,126.9114653,02-373-1963,서대문경찰서,,Y,2026-03-31,3120000,서울특별시 서대문구
CU 북가좌증산교점,서울특별시,서대문구,11410,서울특별시 서대문구 증가로 264,서울특별시 서대문구 북가좌동 342-14,37.58407849,126.9111953,02-376-7267,서대문경찰서,,Y,2026-03-31,3120000,서울특별시 서대문구
emart24 연희햇살점,서울특별시,서대문구,11410,서울특별시 서대문구 가좌로 31,서울특별시 서대문구 연희동 719-7,37.57724755,126.9320035,02-3143-0804,서대문경찰서,,Y,2026-03-31,3120000,서울특별시 서대문구
CU 연희영웅점,서울특별시,서대문구,11410,서울특별시 서대문구 연희맛로 38,서울특별시 서대문구 연희동 134-28,37.56817729,126.9311672,02-3143-6338,서대문경찰서,,Y,2026-03-31,3120000,서울특별시 서대문구
CU 연희삼거리점,서울특별시,서대문구,11410,서울특별시 서대문구 연희로 126,서울특별시 서대문구 연희동 88-13,37.56876238,126.9326928,,서대문경찰서,,Y,2026-03-31,3120000,서울특별시 서대문구
CU 독립문극동점,서울특별시,서대문구,11410,서울특별시 서대문구 독립문공원길 17,서울특별시 서대문구 현저동 200,37.57238119,126.9551984,02-365-5792,서대문경찰서,,Y,2026-03-31,3120000,서울특별시 서대문구
GS25 번동힐점,서울특별시,강북구,11305,서울특별시 강북구 오현로 165-3,서울특별시 강북구 번동 148-131,37.62716437,127.0371176,080-999-5425,서울강북경찰서,,Y,2026-03-24,3080000,서울특별시 강북구
세븐일레븐 번동리치점,서울특별시,강북구,11305,서울특별시 강북구 오현로25라길 34,서울특별시 강북구 번동 148-459,37.62731542,127.0352022,1577-0711,서울강북경찰서,,Y,2026-03-24,3080000,서울특별시 강북구
이마트24 번동중앙점,서울특별시,강북구,11305,서울특별시 강북구 도봉로102길 64,서울특별시 강북구 번동 471-14,37.64044256,127.0329184,02-550-6387,서울강북경찰서,,Y,2026-03-24,3080000,서울특별시 강북구
GS25 수유혜화점,서울특별시,강북구,11305,서울특별시 강북구 인수봉로 135,서울특별시 강북구 수유동 468-48,37.6317815,127.0135193,02-000-0000,서울강북경찰서,,Y,2026-03-24,3080000,서울특별시 강북구
CU 수유삼양점,서울특별시,강북구,11305,서울특별시 강북구 삼양로80나길 69,서울특별시 강북구 수유동 48-74,37.63407736,127.0208874,02-000-0000,서울강북경찰서,,Y,2026-03-24,3080000,서울특별시 강북구
GS25 강북동수점,서울특별시,강북구,11305,서울특별시 강북구 한천로148길 13,서울특별시 강북구 수유동 181-49,37.64283639,127.0242173,02-997-8807,서울강북경찰서,,Y,2026-03-24,3080000,서울특별시 강북구
GS25 신미아역점,서울특별시,강북구,11305,서울특별시 강북구 솔매로 124,서울특별시 강북구 미아동 304-20,37.62603107,127.0257392,02-989-7904,서울강북경찰서,,Y,2026-03-24,3080000,서울특별시 강북구
세븐일레븐 미아성우점,서울특별시,강북구,11305,서울특별시 강북구 삼양로24길 19,서울특별시 강북구 미아동 561-2,37.61745082,127.0219965,02-945-1096,서울강북경찰서,,Y,2026-03-24,3080000,서울특별시 강북구
세븐일레븐 수유본점,서울특별시,강북구,11305,서울특별시 강북구 도봉로71가길 45,서울특별시 강북구 수유동 50-1,37.6333349,127.0218165,02-986-3917,서울강북경찰서,,Y,2026-03-24,3080000,서울특별시 강북구
세븐일레븐 수유빨래골점,서울특별시,강북구,11305,서울특별시 강북구 삼양로73길 36,서울특별시 강북구 수유동 475-3,37.63070118,127.0168589,02-945-6012,서울강북경찰서,,Y,2026-03-24,3080000,서울특별시 강북구
세븐일레븐 수유도봉로점,서울특별시,강북구,11305,서울특별시 강북구 도봉로 388,서울특별시 강북구 번동 464-1,37.64135773,127.0296311,02-904-1890,서울강북경찰서,,Y,2026-03-24,3080000,서울특별시 강북구
세븐일레븐 수유제일점,서울특별시,강북구,11305,서울특별시 강북구 도봉로76길 11,서울특별시 강북구 미아동 162-48,37.63303382,127.0243686,02-986-3235,서울강북경찰서,,Y,2026-03-24,3080000,서울특별시 강북구
세븐일레븐 수유점,서울특별시,강북구,11305,서울특별시 강북구 덕릉로 75,서울특별시 강북구 수유동 47-4,37.63482544,127.0220395,02-999-0614,서울강북경찰서,,Y,2026-03-24,3080000,서울특별시 강북구
세븐일레븐 수유으뜸점,서울특별시,강북구,11305,서울특별시 강북구 도봉로 280,서울특별시 강북구 미아동 160-13,37.63338336,127.0237327,02-989-5659,서울강북경찰서,,Y,2026-03-24,3080000,서울특별시 강북구
세븐일레븐 수유래미안점,서울특별시,강북구,11305,서울특별시 강북구 한천로 1121,서울특별시 강북구 수유동 730,37.64488206,127.0194886,02-986-9224,서울강북경찰서,,Y,2026-03-24,3080000,서울특별시 강북구
GS25 강북최고점,서울특별시,강북구,11305,서울특별시 강북구 덕릉로40길 18,서울특별시 강북구 번동 526-13,37.63431544,127.0303588,02-986-9224,서울강북경찰서,,Y,2026-03-24,3080000,서울특별시 강북구
세븐일레븐 미아래미안점,서울특별시,강북구,11305,서울특별시 강북구 삼양로19길 25,서울특별시 강북구 미아동 813,37.61569586,127.0211397,02-945-5915,서울강북경찰서,,Y,2026-03-24,3080000,서울특별시 강북구
세븐일레븐 수유인텔리안점,서울특별시,강북구,11305,서울특별시 강북구 도봉로 313,서울특별시 강북구 수유동 230-7,37.63643974,127.0234734,02-900-7838,서울강북경찰서,,Y,2026-03-24,3080000,서울특별시 강북구
세븐일레븐 수유로데오점,서울특별시,강북구,11305,서울특별시 강북구 노해로 38,서울특별시 강북구 수유동 223-1,37.63892292,127.0231039,1577-0711,서울강북경찰서,,Y,2026-03-24,3080000,서울특별시 강북구
세븐일레븐 수유대한점,서울특별시,강북구,11305,서울특별시 강북구 수유로 79,서울특별시 강북구 수유동 1-60,37.63635715,127.0222761,1577-0711,서울강북경찰서,,Y,2026-03-24,3080000,서울특별시 강북구
세븐일레븐 수유사랑점,서울특별시,강북구,11305,서울특별시 강북구 오패산로77길 17,서울특별시 강북구 번동 447-51,37.63670593,127.0258185,1577-0711,서울강북경찰서,,Y,2026-03-24,3080000,서울특별시 강북구
GS25 번동주공점,서울특별시,강북구,11305,서울특별시 강북구 한천로109길 13,서울특별시 강북구 번동 269-2,37.62832312,127.0432327,02-998-8807,서울강북경찰서,,Y,2026-03-24,3080000,서울특별시 강북구
GS25 수유광산점,서울특별시,강북구,11305,서울특별시 강북구 노해로27길 21,서울특별시 강북구 수유동 252-40,37.64529112,127.0224126,02-998-5684,서울강북경찰서,,Y,2026-03-24,3080000,서울특별시 강북구
GS25 수유우이점,서울특별시,강북구,11305,서울특별시 강북구 삼양로93길 23,서울특별시 강북구 수유동 409,37.63783616,127.0158415,02-6212-7221,서울강북경찰서,,Y,2026-03-24,3080000,서울특별시 강북구
CU 미아동부점,서울특별시,강북구,11305,서울특별시 강북구 도봉로13길 58,서울특별시 강북구 미아동 450-64,37.61512511,127.0270114,02-980-2998,서울강북경찰서,,Y,2026-03-24,3080000,서울특별시 강북구
CU 수유행복점,서울특별시,강북구,11305,서울특별시 강북구 4.19로1길 16,서울특별시 강북구 수유동 281-40,37.64730169,127.0133935,02-900-5571,서울강북경찰서,,Y,2026-03-24,3080000,서울특별시 강북구
CU 수유번동점,서울특별시,강북구,11305,서울특별시 강북구 한천로132길 10,서울특별시 강북구 번동 461-80,37.63942624,127.0287221,02-997-9648,서울강북경찰서,,Y,2026-03-24,3080000,서울특별시 강북구
CU 번동센트로힐점,서울특별시,강북구,11305,서울특별시 강북구 한천로 936,서울특별시 강북구 번동 761,37.63467233,127.0361184,02-990-0424,서울강북경찰서,,Y,2026-03-24,3080000,서울특별시 강북구
CU 미아창문점,서울특별시,강북구,11305,서울특별시 강북구 월계로 83,서울특별시 강북구 미아동 8-144,37.61381761,127.0378674,02-981-0684,서울강북경찰서,,Y,2026-03-24,3080000,서울특별시 강북구
CU 미아삼양점,서울특별시,강북구,11305,서울특별시 강북구 솔샘로 231,서울특별시 강북구 미아동 838-8,37.62019851,127.0183771,02-989-3700,서울강북경찰서,,Y,2026-03-24,3080000,서울특별시 강북구
세븐일레븐 상봉2점,서울특별시,중랑구,11260,서울특별시 중랑구 망우로50길 25,서울특별시 중랑구 상봉동 89-7,37.5959385,127.0893362,02-434-7485,서울중랑경찰서,,Y,2026-02-27,3060000,서울특별시 중랑구
세븐일레븐 면목한신점,서울특별시,중랑구,11260,서울특별시 중랑구 겸재로3길 5,서울특별시 중랑구 면목동 193-52,37.5861568,127.076345,02-432-7630,서울중랑경찰서,,Y,2026-02-27,3060000,서울특별시 중랑구
세븐일레븐 면목로데오점,서울특별시,중랑구,11260,서울특별시 중랑구 중랑천로10길 66,서울특별시 중랑구 면목동 185-9,37.5923175,127.0766165,02-432-8973,서울중랑경찰서,,Y,2026-02-27,3060000,서울특별시 중랑구
세븐일레븐 망우점,서울특별시,중랑구,11260,서울특별시 중랑구 망우로 461,서울특별시 중랑구 망우동 340-22,37.6005635,127.1033339,02-496-0051,서울중랑경찰서,,Y,2026-02-27,3060000,서울특별시 중랑구
세븐일레븐 망우2호점,서울특별시,중랑구,11260,서울특별시 중랑구 양원역로 25,서울특별시 중랑구 망우동 183,37.60270595,127.1076358,02-495-1613,서울중랑경찰서,,Y,2026-02-27,3060000,서울특별시 중랑구
세븐일레븐 상봉점,서울특별시,중랑구,11260,서울특별시 중랑구 봉우재로33길 92,서울특별시 중랑구 상봉동 88-25,37.59571825,127.0901785,02-435-8185,서울중랑경찰서,,Y,2026-02-27,3060000,서울특별시 중랑구
GS25 중랑동원점,서울특별시,중랑구,11260,서울특별시 중랑구 면목로78길 51,서울특별시 중랑구 면목동 96-25,37.59077177,127.0900039,02-2207-8195,서울중랑경찰서,,Y,2026-02-27,3060000,서울특별시 중랑구
GS25 면목행운점,서울특별시,중랑구,11260,서울특별시 중랑구 겸재로54길 38,서울특별시 중랑구 면목동 106-38,37.58760869,127.0916076,02-432-2526,서울중랑경찰서,,Y,2026-02-27,3060000,서울특별시 중랑구
GS25 상봉뉴월드점,서울특별시,중랑구,11260,서울특별시 중랑구 망우로30길 3,서울특별시 중랑구 상봉동 130-3,37.5930326,127.0747358,02-432-2745,서울중랑경찰서,,Y,2026-02-27,3060000,서울특별시 중랑구
GS25 중화다미소점,서울특별시,중랑구,11260,서울특별시 중랑구 동일로136길 10,서울특별시 중랑구 중화동 286-22,37.6020245,127.0801001,02-2209-4959,서울중랑경찰서,,Y,2026-02-27,3060000,서울특별시 중랑구
GS25 중랑지웰,서울특별시,중랑구,11260,"서울특별시 중랑구 면목로69길 16, 101동 103호","서울특별시 중랑구 면목동 538, 101동 103호",37.58725253,127.0863427,02-438-0228,서울중랑경찰서,,Y,2026-02-27,3060000,서울특별시 중랑구
GS25 용마파크,서울특별시,중랑구,11260,서울특별시 중랑구 용마산로 248,서울특별시 중랑구 면목동 1339,37.57520556,127.0884742,02-433-0417,서울중랑경찰서,,Y,2026-02-27,3060000,서울특별시 중랑구
GS25 중랑팰리스점,서울특별시,중랑구,11260,서울특별시 중랑구 망우로 316,서울특별시 중랑구 상봉동 101-2,37.596527,127.087565,02-432-9319,서울중랑경찰서,,Y,2026-02-27,3060000,서울특별시 중랑구
GS25 중랑신내행운점,서울특별시,중랑구,11260,서울특별시 중랑구 봉화산로56길 46,서울특별시 중랑구 신내동 410-8,37.60642209,127.0983411,02-436-2566,서울중랑경찰서,,Y,2026-02-27,3060000,서울특별시 중랑구
GS25 중랑동부,서울특별시,중랑구,11260,서울특별시 중랑구 신내로7가길 35,서울특별시 중랑구 상봉동 495,37.60227892,127.0938704,02-434-1617,서울중랑경찰서,,Y,2026-02-27,3060000,서울특별시 중랑구
GS25 사가정스타,서울특별시,중랑구,11260,서울특별시 중랑구 면목로45길 8,서울특별시 중랑구 면목동 497-16,37.58182879,127.088082,02-493-5992,서울중랑경찰서,,Y,2026-02-27,3060000,서울특별시 중랑구
GS25 봉화산역,서울특별시,중랑구,11260,서울특별시 중랑구 신내로 211,서울특별시 중랑구 신내동 646,37.6163947,127.0926039,02-3422-6608,서울중랑경찰서,,Y,2026-02-27,3060000,서울특별시 중랑구
GS25 면목한신,서울특별시,중랑구,11260,서울특별시 중랑구 겸재로3길 54,서울특별시 중랑구 면목동 178-30,37.5883513,127.0767493,02-436-6480,서울중랑경찰서,,Y,2026-02-27,3060000,서울특별시 중랑구
GS25 망우한마음,서울특별시,중랑구,11260,서울특별시 중랑구 용마산로99길 9,서울특별시 중랑구 망우동 531-24,37.5918396,127.097419,02-433-5972,서울중랑경찰서,,Y,2026-02-27,3060000,서울특별시 중랑구
GS25 망우으뜸,서울특별시,중랑구,11260,서울특별시 중랑구 망우로68길 56,서울특별시 중랑구 망우동 364-39,37.5974471,127.1009021,02-435-3664,서울중랑경찰서,,Y,2026-02-27,3060000,서울특별시 중랑구
GS25 망우금호,서울특별시,중랑구,11260,"서울특별시 중랑구 망우로 504, 1층","서울특별시 중랑구 망우동 133-7, 1층",37.6002329,127.108007,02-2209-1007,서울중랑경찰서,,Y,2026-02-27,3060000,서울특별시 중랑구
CU 묵동먹골역점,서울특별시,중랑구,11260,서울특별시 중랑구 공릉로2가길 28,서울특별시 중랑구 묵동172-26,37.6133273,127.0788287,02-948-9652,서울중랑경찰서,,Y,2026-02-27,3060000,서울특별시 중랑구
CU 망우행복점,서울특별시,중랑구,11260,서울특별시 중랑구 용마산로118길 130,서울특별시 중랑구 망우동 135-4,37.600864,127.1076756,02-434-7428,서울중랑경찰서,,Y,2026-02-27,3060000,서울특별시 중랑구
CU 상봉듀오트리스점,서울특별시,중랑구,11260,서울특별시 중랑구 상봉로 131,서울특별시 중랑구 상봉동 501,37.59740662,127.0921776,02-435-7162,서울중랑경찰서,,Y,2026-02-27,3060000,서울특별시 중랑구
CU 면목행복점,서울특별시,중랑구,11260,서울특별시 중랑구 겸재로50길 9,서울특별시 중랑구 면목동 104-14,37.58870728,127.0910119,02-495-4196,서울중랑경찰서,,Y,2026-02-27,3060000,서울특별시 중랑구
CU 면목중앙점,서울특별시,중랑구,11260,서울특별시 중랑구 면목로56가길 8,서울특별시 중랑구 면목동 409-47,37.5844605,127.0889145,02-2207-6103,서울중랑경찰서,,Y,2026-02-27,3060000,서울특별시 중랑구
세븐일레븐 휘경한천로점,서울특별시,동대문구,11230,서울특별시 동대문구 한천로 250,,37.58318800,127.06862400,,서울동대문경찰서,,Y,2026-03-05,3050000,서울특별시 동대문구
세븐일레븐 휘경시립대점,서울특별시,동대문구,11230,서울특별시 동대문구 망우로10길 45,,37.58697200,127.05654500,,서울동대문경찰서,,Y,2026-03-05,3050000,서울특별시 동대문구
세븐일레븐 회기해피파크점,서울특별시,동대문구,11230,서울특별시 동대문구 이문로 19,,37.58986900,127.05530800,,서울동대문경찰서,,Y,2026-03-05,3050000,서울특별시 동대문구
세븐일레븐 전농점,서울특별시,동대문구,11230,서울특별시 동대문구 서울시립대로 31,,37.57531361,127.04586030,,서울동대문경찰서,,Y,2026-03-05,3050000,서울특별시 동대문구
세븐일레븐 장안해피트리점,서울특별시,동대문구,11230,서울특별시 동대문구 천호대로 79길 30,,37.56374399,127.06327030,,서울동대문경찰서,,Y,2026-03-05,3050000,서울특별시 동대문구
세븐일레븐 장안썬앤빌점,서울특별시,동대문구,11230,서울특별시 동대문구 장한로 91,,37.56911530,127.06934120,,서울동대문경찰서,,Y,2026-03-05,3050000,서울특별시 동대문구
세븐일레븐 장안벤처빌점,서울특별시,동대문구,11230,서울특별시 동대문구 한천로24길 74-1,,37.56884300,127.06876800,,서울동대문경찰서,,Y,2026-03-05,3050000,서울특별시 동대문구
세븐일레븐 장안3점,서울특별시,동대문구,11230,서울특별시 동대문구 천호대로77길 84,,37.56542702,127.06331800,,서울동대문경찰서,,Y,2026-03-05,3050000,서울특별시 동대문구
세븐일레븐 신제기점,서울특별시,동대문구,11230,서울특별시 동대문구 왕산로19나길 3,,37.57863930,127.03312550,,서울동대문경찰서,,Y,2026-03-05,3050000,서울특별시 동대문구
세븐일레븐 동대문답십리점,서울특별시,동대문구,11230,서울특별시 동대문구 전농로 91,,37.57330133,127.05706560,,서울동대문경찰서,,Y,2026-03-05,3050000,서울특별시 동대문구
세븐일레븐 고대로데오점,서울특별시,동대문구,11230,서울특별시 동대문구 제기로 5길 42,,37.58814714,127.03551370,,서울동대문경찰서,,Y,2026-03-05,3050000,서울특별시 동대문구
세븐일레븐 경희기숙사점,서울특별시,동대문구,11230,서울특별시 동대문구 이문로9길 46,,37.59420770,127.05654320,,서울동대문경찰서,,Y,2026-03-05,3050000,서울특별시 동대문구
세븐일레븐 경희대3호점,서울특별시,동대문구,11230,서울특별시 동대문구 천장산로7길 39,,37.59814370,127.05568040,,서울동대문경찰서,,Y,2026-03-05,3050000,서울특별시 동대문구
GS25 휘경사랑점,서울특별시,동대문구,11230,서울특별시 동대문구 한천로 242,,37.58256200,127.06868300,,서울동대문경찰서,,Y,2026-03-05,3050000,서울특별시 동대문구
GS25 휘경럭키점,서울특별시,동대문구,11230,서울특별시 동대문구 전농로38길 89,,37.58791222,127.05621450,,서울동대문경찰서,,Y,2026-03-05,3050000,서울특별시 동대문구
GS25 카이스트원룸점,서울특별시,동대문구,11230,서울특별시 동대문구 회기로 118,,37.59136200,127.04967000,,서울동대문경찰서,,Y,2026-03-05,3050000,서울특별시 동대문구
GS25 청계힐스테이트점,서울특별시,동대문구,11230,서울특별시 동대문구 천호대로55길 11,,37.57154100,127.04716400,,서울동대문경찰서,,Y,2026-03-05,3050000,서울특별시 동대문구
GS25 제기정화점,서울특별시,동대문구,11230,서울특별시 동대문구 제기로20길 32,,37.58515250,127.04147190,,서울동대문경찰서,,Y,2026-03-05,3050000,서울특별시 동대문구
GS25 전농삼성점,서울특별시,동대문구,11230,서울특별시 동대문구 사가정로13가길 29,,37.57950820,127.05960270,,서울동대문경찰서,,Y,2026-03-05,3050000,서울특별시 동대문구
GS25 전농배봉점,서울특별시,동대문구,11230,서울특별시 동대문구 전농동 6-3,,37.57880700,127.06715400,,서울동대문경찰서,,Y,2026-03-05,3050000,서울특별시 동대문구
GS25 장안홈타운점,서울특별시,동대문구,11230,서울특별시 동대문구 장안벚꽃로 107,,37.56807100,127.07330400,,서울동대문경찰서,,Y,2026-03-05,3050000,서울특별시 동대문구
GS25 장안햇살점,서울특별시,동대문구,11230,서울특별시 동대문구 장한로17길 9,,37.56753140,127.06797990,,서울동대문경찰서,,Y,2026-03-05,3050000,서울특별시 동대문구
GS25 장안장평점,서울특별시,동대문구,11230,서울특별시 동대문구 장한로28가길 1,,37.57311400,127.07243500,,서울동대문경찰서,,Y,2026-03-05,3050000,서울특별시 동대문구
GS25 장안스타점,서울특별시,동대문구,11230,서울특별시 동대문구 천호대로89길 16,,37.56247510,127.06848100,,서울동대문경찰서,,Y,2026-03-05,3050000,서울특별시 동대문구
GS25 장안골든점,서울특별시,동대문구,11230,서울특별시 동대문구 천호대로91길 89,,37.56547100,127.07065300,,서울동대문경찰서,,Y,2026-03-05,3050000,서울특별시 동대문구
GS25 용두동아점,서울특별시,동대문구,11230,서울특별시 동대문구 무학로 111,,37.57424200,127.03043500,,서울동대문경찰서,,Y,2026-03-05,3050000,서울특별시 동대문구
GS25 동대문한신점,서울특별시,동대문구,11230,서울특별시 동대문구 황물로 42,,37.57334200,127.04621400,,서울동대문경찰서,,Y,2026-03-05,3050000,서울특별시 동대문구
GS25 동대문장안점,서울특별시,동대문구,11230,서울특별시 동대문구 장한로 165,,37.57514219,127.07163850,,서울동대문경찰서,,Y,2026-03-05,3050000,서울특별시 동대문구
GS25 동대문용두점,서울특별시,동대문구,11230,서울특별시 동대문구 천호대로31길 50,,37.57560357,127.04140940,,서울동대문경찰서,,Y,2026-03-05,3050000,서울특별시 동대문구
GS25 동대문신설점,서울특별시,동대문구,11230,서울특별시 동대문구 한빛로 24,,37.57763710,127.02560740,,서울동대문경찰서,,Y,2026-03-05,3050000,서울특별시 동대문구
GS25 동대문구청점,서울특별시,동대문구,11230,서울특별시 동대문구 고산자로28길 39,,37.57492660,127.04047210,,서울동대문경찰서,,Y,2026-03-05,3050000,서울특별시 동대문구
GS25 답십리한신점,서울특별시,동대문구,11230,서울특별시 동대문구 한천로17길 23,,37.56990210,127.06275790,,서울동대문경찰서,,Y,2026-03-05,3050000,서울특별시 동대문구
GS25 답십리청마루점,서울특별시,동대문구,11230,서울특별시 동대문구 답십리로59길 6,,37.57304444,127.06588240,,서울동대문경찰서,,Y,2026-03-05,3050000,서울특별시 동대문구
GS25 답십리래미안점,서울특별시,동대문구,11230,서울특별시 동대문구 답십리로 130,,37.57107000,127.05400000,,서울동대문경찰서,,Y,2026-03-05,3050000,서울특별시 동대문구
GS25 경희프라자점,서울특별시,동대문구,11230,서울특별시 동대문구 경희대로 23,,37.59377476,127.05074120,,서울동대문경찰서,,Y,2026-03-05,3050000,서울특별시 동대문구
CU 휘경주공점,서울특별시,동대문구,11230,"서울특별시 동대문구 한천로 264, 주공프라자 102호",,37.58434000,127.06836400,,서울동대문경찰서,,Y,2026-03-05,3050000,서울특별시 동대문구
CU 카이스트점,서울특별시,동대문구,11230,서울특별시 동대문구 회기로 119,,37.59157900,127.04986000,,서울동대문경찰서,,Y,2026-03-05,3050000,서울특별시 동대문구
CU 청계노벨리아점,서울특별시,동대문구,11230,서울특별시 동대문구 서울시립대로 19,,37.57353000,127.04527900,,서울동대문경찰서,,Y,2026-03-05,3050000,서울특별시 동대문구
CU 제기휴플러스점,서울특별시,동대문구,11230,서울특별시 동대문구 고산자로54길 6,,37.58731800,127.03852000,,서울동대문경찰서,,Y,2026-03-05,3050000,서울특별시 동대문구
CU 제기원룸점,서울특별시,동대문구,11230,서울특별시 동대문구 제기로6길 4,,37.58620513,127.03435290,,서울동대문경찰서,,Y,2026-03-05,3050000,서울특별시 동대문구
CU 전농우리점,서울특별시,동대문구,11230,서울특별시 동대문구 전농로23길 8,,37.58075300,127.05494600,,서울동대문경찰서,,Y,2026-03-05,3050000,서울특별시 동대문구
CU 장안포레스트점,서울특별시,동대문구,11230,서울특별시 동대문구 천호대로97길 9,,37.56136882,127.06991500,,서울동대문경찰서,,Y,2026-03-05,3050000,서울특별시 동대문구
CU 장안중앙점,서울특별시,동대문구,11230,서울특별시 동대문구 천호대로91길 41,,37.56344600,127.06949100,,서울동대문경찰서,,Y,2026-03-05,3050000,서울특별시 동대문구
CU 장안쉐르빌점,서울특별시,동대문구,11230,서울특별시 동대문구 답십리로68길 24,,37.57142980,127.06918450,,서울동대문경찰서,,Y,2026-03-05,3050000,서울특별시 동대문구
CU 장안래미안점,서울특별시,동대문구,11230,서울특별시 동대문구 장안벚꽃로 167,,37.57505400,127.07416000,,서울동대문경찰서,,Y,2026-03-05,3050000,서울특별시 동대문구
CU 장안드플랏점,서울특별시,동대문구,11230,"서울특별시 동대문구 장한로 82, 103호",,37.56820400,127.06946900,,서울동대문경찰서,,Y,2026-03-05,3050000,서울특별시 동대문구
CU 이문투니온점,서울특별시,동대문구,11230,서울특별시 동대문구 이문로 190,,37.60355000,127.06223200,,서울동대문경찰서,,Y,2026-03-05,3050000,서울특별시 동대문구
CU 용두허브리츠점,서울특별시,동대문구,11230,서울특별시 동대문구 왕산로26길 35,,37.57645470,127.03660600,,서울동대문경찰서,,Y,2026-03-05,3050000,서울특별시 동대문구
CU 용두으뜸점,서울특별시,동대문구,11230,서울특별시 동대문구 안암로 52,,37.58120940,127.02780950,,서울동대문경찰서,,Y,2026-03-05,3050000,서울특별시 동대문구
CU 용두안암점,서울특별시,동대문구,11230,서울특별시 동대문구 무학로37길 42,,37.57775690,127.02793030,,서울동대문경찰서,,Y,2026-03-05,3050000,서울특별시 동대문구
CU 용두대박점,서울특별시,동대문구,11230,서울특별시 동대문구 천호대로17길 38,,37.57570080,127.03244240,,서울동대문경찰서,,Y,2026-03-05,3050000,서울특별시 동대문구
CU 안암로타리점,서울특별시,동대문구,11230,서울특별시 동대문구 약령시로 7,,37.58284900,127.03060900,,서울동대문경찰서,,Y,2026-03-05,3050000,서울특별시 동대문구
CU 신흥래미안점,서울특별시,동대문구,11230,서울특별시 동대문구 전농로3길 102,,37.57230600,127.05619600,,서울동대문경찰서,,Y,2026-03-05,3050000,서울특별시 동대문구
CU 신설베르빌점,서울특별시,동대문구,11230,서울특별시 동대문구 천호대로 23,,37.57460005,127.02630820,,서울동대문경찰서,,Y,2026-03-05,3050000,서울특별시 동대문구
CU 신설교보점,서울특별시,동대문구,11230,서울특별시 동대문구 왕산로 10,,37.57584640,127.02484410,,서울동대문경찰서,,Y,2026-03-05,3050000,서울특별시 동대문구
CU 답십리카운티에비뉴점,서울특별시,동대문구,11230,서울특별시 동대문구 사가정로 80,,37.57587300,127.06546400,,서울동대문경찰서,,Y,2026-03-05,3050000,서울특별시 동대문구
CU 답십리사랑점,서울특별시,동대문구,11230,서울특별시 동대문구 전농로 53,,37.56975300,127.05689800,,서울동대문경찰서,,Y,2026-03-05,3050000,서울특별시 동대문구
CU 답십리매트로점,서울특별시,동대문구,11230,서울특별시 동대문구 고미술로 16,,37.56950217,127.05032440,,서울동대문경찰서,,Y,2026-03-05,3050000,서울특별시 동대문구
CU 답십리대림점,서울특별시,동대문구,11230,서울특별시 동대문구 한천로107-3,,37.57090063,127.06485020,,서울동대문경찰서,,Y,2026-03-05,3050000,서울특별시 동대문구
CU 군자초교점,서울특별시,동대문구,11230,서울특별시 동대문구 천호대로77길 22,,37.56325300,127.06145300,,서울동대문경찰서,,Y,2026-03-05,3050000,서울특별시 동대문구
CU 고대어진재점,서울특별시,동대문구,11230,서울특별시 동대문구 회기로 14,,37.59100885,127.03791300,,서울동대문경찰서,,Y,2026-03-05,3050000,서울특별시 동대문구
CU 경동사거리점,서울특별시,동대문구,11230,서울특별시 동대문구 천호대로27길 73,,37.57743660,127.03744310,,서울동대문경찰서,,Y,2026-03-05,3050000,서울특별시 동대문구
세븐일레븐 화곡5호점,서울특별시,강서구,11500,서울특별시 강서구 강서로17길 62,,37.53265090,126.84235900,02-2698-4935,서울강서경찰서,,Y,2026-01-15,3150000,서울특별시 강서구
CU 화곡양서점,서울특별시,강서구,11500,서울특별시 강서구 가로공원로84길 82,,37.53413510,126.84190230,02-2603-2387,서울강서경찰서,,Y,2026-01-15,3150000,서울특별시 강서구
GS25 화곡까치산점,서울특별시,강서구,11500,서울특별시 강서구 강서로17길 29,,37.53258930,126.84422160,,서울강서경찰서,,Y,2026-01-15,3150000,서울특별시 강서구
GS25 화곡베스트점,서울특별시,강서구,11500,서울특별시 강서구 월정로 112,,37.52916080,126.83898110,02-2690-4625,서울강서경찰서,,Y,2026-01-15,3150000,서울특별시 강서구
GS25 화곡달빛점,서울특별시,강서구,11500,서울특별시 강서구 곰달래로16길 29,,37.52875910,126.84038290,,서울강서경찰서,,Y,2026-01-15,3150000,서울특별시 강서구
GS25 화곡영광점,서울특별시,강서구,11500,서울특별시 강서구 곰달래로 88,,37.53016410,126.84264640,02-2606-0969,서울강서경찰서,,Y,2026-01-15,3150000,서울특별시 강서구
세븐일레븐 등촌5호점,서울특별시,강서구,11500,서울특별시 강서구 강서로68길 12,,37.56621980,126.84155070,02-3662-1609,서울강서경찰서,,Y,2026-01-15,3150000,서울특별시 강서구
세븐일레븐 화곡제일점,서울특별시,강서구,11500,서울특별시 강서구 초록마을로 3,,37.54508150,126.84508060,,서울강서경찰서,,Y,2026-01-15,3150000,서울특별시 강서구
세븐일레븐 화곡본동점,서울특별시,강서구,11500,서울특별시 강서구 초록마을로14길 37,,37.54090710,126.84848500,,서울강서경찰서,,Y,2026-01-15,3150000,서울특별시 강서구
세븐일레븐 방화삼익점,서울특별시,강서구,11500,서울특별시 강서구 방화대로47가길 22,,37.57709890,126.81397820,02-2665-8662,서울강서경찰서,,Y,2026-01-15,3150000,서울특별시 강서구
세븐일레븐 공항점,서울특별시,강서구,11500,서울특별시 강서구 방화대로6나길 1,,37.55505590,126.81682410,02-2666-5872,서울강서경찰서,,Y,2026-01-15,3150000,서울특별시 강서구
세븐일레븐 까치산점,서울특별시,강서구,11500,서울특별시 강서구 강서로7길 19,,37.52949800,126.84669200,02-2608-0511,서울강서경찰서,,Y,2026-01-15,3150000,서울특별시 강서구
GS25 공항소담점,서울특별시,강서구,11500,서울특별시 강서구 방화대로6라길 26,,37.55614290,126.81850690,02-2663-8942,서울강서경찰서,,Y,2026-01-15,3150000,서울특별시 강서구
GS25 강서자이타워점,서울특별시,강서구,11500,서울특별시 강서구 양천로 401,,37.56570110,126.84764410,,서울강서경찰서,,Y,2026-01-15,3150000,서울특별시 강서구
GS25 강서하늘점,서울특별시,강서구,11500,"서울특별시 강서구 양천로10길 38, 105동 상가 107호",,37.57122780,126.80817950,02-2664-2468,서울강서경찰서,,Y,2026-01-15,3150000,서울특별시 강서구
세븐일레븐 화곡행복점,서울특별시,강서구,11500,서울특별시 강서구 등촌로13길 90,,37.53719960,126.85937600,,서울강서경찰서,,Y,2026-01-15,3150000,서울특별시 강서구
GS25 화곡으뜸점,서울특별시,강서구,11500,서울특별시 강서구 우장산로 125,,37.55326800,126.84997710,02-2694-2526,서울강서경찰서,,Y,2026-01-15,3150000,서울특별시 강서구
GS25 화곡월정점,서울특별시,강서구,11500,서울특별시 강서구 가로공원로76길 100,,37.53282370,126.83883540,02-2606-2163,서울강서경찰서,,Y,2026-01-15,3150000,서울특별시 강서구
GS25 화곡비전점,서울특별시,강서구,11500,서울특별시 강서구 강서로18바길 2,,37.53522840,126.85015630,02-2604-7912,서울강서경찰서,,Y,2026-01-15,3150000,서울특별시 강서구
GS25 화곡도담점,서울특별시,강서구,11500,서울특별시 강서구 화곡로44가길 43,,37.54968890,126.84849150,02-2603-3647,서울강서경찰서,,Y,2026-01-15,3150000,서울특별시 강서구
GS25 발산1단지점,서울특별시,강서구,11500,서울특별시 강서구 강서로47길 108,,37.55356540,126.83053420,02-2667-7377,서울강서경찰서,,Y,2026-01-15,3150000,서울특별시 강서구
GS25 강서메트로칸점,서울특별시,강서구,11500,서울특별시 강서구 공항대로45가길 11,,37.55606350,126.85367780,,서울강서경찰서,,Y,2026-01-15,3150000,서울특별시 강서구
GS25 화곡문화점,서울특별시,강서구,11500,서울특별시 강서구 강서로 136,,37.53916210,126.84241900,,서울강서경찰서,,Y,2026-01-15,3150000,서울특별시 강서구
CU 화곡영광점,서울특별시,강서구,11500,서울특별시 강서구 곰달래로53길 121,,37.53629170,126.85602250,02-2646-7816,서울강서경찰서,,Y,2026-01-15,3150000,서울특별시 강서구
CU 화곡보리점,서울특별시,강서구,11500,서울특별시 강서구 화곡로51길 13,,37.55043330,126.84734950,02-2698-7742,서울강서경찰서,,Y,2026-01-15,3150000,서울특별시 강서구
CU 화곡대원점,서울특별시,강서구,11500,서울특별시 강서구 화곡로21길 43,,37.54274210,126.83644700,02-2065-8748,서울강서경찰서,,Y,2026-01-15,3150000,서울특별시 강서구
세븐일레븐 용산2가동점,서울특별시,용산구,11170,서울특별시 용산구 소월로20길 70,,37.53428326,127.0100947,,용중지구대,,Y,2026-01-31,3020000,서울특별시 용산구
세븐일레븐 한남UN점,서울특별시,용산구,11170,서울특별시 용산구 독서당로 86,,37.53428326,127.0100947,02-792-5860,한남파출소,,Y,2026-01-31,3020000,서울특별시 용산구
세븐일레븐 청파제일점,서울특별시,용산구,11170,서울특별시 용산구 청파로73길 7,,37.54980958,126.9692222,02-701-2817,원효지구대,,Y,2026-01-31,3020000,서울특별시 용산구
세븐일레븐 원효로점,서울특별시,용산구,11170,서울특별시 용산구 원효로53길 8,,37.53602358,126.9621284,02-711-3073,원효지구대,,Y,2026-01-31,3020000,서울특별시 용산구
세븐일레븐 용산아크로타워점,서울특별시,용산구,11170,서울특별시 용산구 백범로90길 26,,37.53659919,126.9684484,02-711-0703,원효지구대,,Y,2026-01-31,3020000,서울특별시 용산구
세븐일레븐 용산아이파크몰점,서울특별시,용산구,11170,서울특별시 용산구 한강대로23길 55,,37.5297718,126.9647415,02-2012-1313,용산역파출소,,Y,2026-01-31,3020000,서울특별시 용산구
세븐일레븐 용산서부이촌점,서울특별시,용산구,11170,서울특별시 용산구 이촌로14길 11-6,,37.52706793,126.9543224,02-701-0618,용산역파출소,,Y,2026-01-31,3020000,서울특별시 용산구
세븐일레븐 용산보광점,서울특별시,용산구,11170,서울특별시 용산구 우사단로 2가길 6,,37.5297649,126.9994538,1577-0711,이태원파출소,,Y,2026-01-31,3020000,서울특별시 용산구
세븐일레븐 숙대사랑점,서울특별시,용산구,11170,서울특별시 용산구 청파로47나길 35,,37.5464408,126.9674086,02-714-5315,원효지구대,,Y,2026-01-31,3020000,서울특별시 용산구
세븐일레븐 서울역점,서울특별시,용산구,11170,서울특별시 용산구 청파로 395,,37.55486721,126.9687441,02-3275-3220,원효지구대,,Y,2026-01-31,3020000,서울특별시 용산구
세븐일레븐 산천점,서울특별시,용산구,11170,서울특별시 용산구 효창원로 18,,37.53444734,126.9516903,02-719-8691,원효지구대,,Y,2026-01-31,3020000,서울특별시 용산구
세븐일레븐 보광우사단로점,서울특별시,용산구,11170,서울특별시 용산구 우사단로2길 12,,37.53056757,126.997403,02-790-2848,보광파출소,,Y,2026-01-31,3020000,서울특별시 용산구
GS25 용산그린,서울특별시,용산구,11170,서울특별시 용산구 두텁바위로 13,,37.5455079,126.9739182,02-771-3583,용중지구대,,Y,2026-01-31,3020000,서울특별시 용산구
GS25 서빙고로점,서울특별시,용산구,11170,서울특별시 용산구 서빙고로 75길 11-2,,37.52193406,126.9966567,1644-5425,이태원파출소,,Y,2026-01-31,3020000,서울특별시 용산구
CU 후암제일점,서울특별시,용산구,11170,서울특별시 용산구 후암로 28길 49,,37.54940437,126.9799755,1577-8007,용중지구대,,Y,2026-01-31,3020000,서울특별시 용산구
CU 이태원힐점,서울특별시,용산구,11170,서울특별시 용산구 우사단로4길 1,,37.5315055,126.9967388,02-790-6455,이태원파출소,,Y,2026-01-31,3020000,서울특별시 용산구
CU 이태원햇살점,서울특별시,용산구,11170,서울특별시 용산구 녹사평대로40나길 53,,37.53689993,126.9887566,02-790-9413,이태원파출소,,Y,2026-01-31,3020000,서울특별시 용산구
CU 원효대로점,서울특별시,용산구,11170,서울특별시 용산구 원효로 154,,37.53442392,126.9604217,02-702-7773,원효지구대,,Y,2026-01-31,3020000,서울특별시 용산구
CU 용산해방촌점,서울특별시,용산구,11170,서울특별시 용산구 신흥로7길 1,,37.54192348,126.9871809,02-749-4634,용중지구대,,Y,2026-01-31,3020000,서울특별시 용산구
CU 용산한강진,서울특별시,용산구,11170,서울특별시 용산구 이태원로54길 11,,37.53788452,127.0020955,02-749-1451,한남파출소,,Y,2026-01-31,3020000,서울특별시 용산구
CU 용산한강로점,서울특별시,용산구,11170,서울특별시 용산구 한강대로43길 13,,37.53156323,126.9691466,02-795-4163,용산역파출소,,Y,2026-01-31,3020000,서울특별시 용산구
CU 용산자이점,서울특별시,용산구,11170,서울특별시 용산구 삼개로 60,,37.53507154,126.9476429,02-711-5386,원효지구대,,Y,2026-01-31,3020000,서울특별시 용산구
CU 용산원효로점,서울특별시,용산구,11170,서울특별시 용산구 원효로 73,,37.53276301,126.9521321,02-704-4827,원효지구대,,Y,2026-01-31,3020000,서울특별시 용산구
CU 용산보광점,서울특별시,용산구,11170,서울특별시 용산구 장문로 119,,37.52710413,127.002494,02-794-2124,보광파출소,,Y,2026-01-31,3020000,서울특별시 용산구
CU 용산2가점,서울특별시,용산구,11170,서울특별시 용산구 소월로20길 53,,37.54424533,126.9846794,1577-8007,용중지구대,,Y,2026-01-31,3020000,서울특별시 용산구
CU 신용산점,서울특별시,용산구,11170,서울특별시 용산구 한강대로 142,,37.53189541,126.9708175,02-795-0058,한강로파출소,,Y,2026-01-31,3020000,서울특별시 용산구
CU 이촌한강점,서울특별시,용산구,11170,서울특별시 용산구 이촌로 248,,37.51938659,126.975026,02-792-2686,이촌파출소,,Y,2026-01-31,3020000,서울특별시 용산구
세븐일레븐 대치으뜸점,서울특별시,강남구,11680,서울특별시 강남구 삼성로76길 16,,37.50406664,127.0596522,,서울강남경찰서,,Y,2026-01-29,3220000,서울특별시 강남구
세븐일레븐 대치선릉로점,서울특별시,강남구,11680,서울특별시 강남구 테헤란로68길 33,,37.50320174,127.0531092,,서울강남경찰서,,Y,2026-01-29,3220000,서울특별시 강남구
CU 대치메트로칸점,서울특별시,강남구,11680,서울특별시 강남구 테헤란로88길 10,,37.5068062,127.0594495,,서울수서경찰서,,Y,2026-01-29,3220000,서울특별시 강남구
세븐일레븐 대치멤버스점,서울특별시,강남구,11680,서울특별시 강남구 삼성로85길 42,,37.5045291,127.0538023,,서울수서경찰서,,Y,2026-01-29,3220000,서울특별시 강남구
세븐일레븐 대치6호점,서울특별시,강남구,11680,서울특별시 강남구 삼성로85길 19,,37.50471783,127.055754,,서울수서경찰서,,Y,2026-01-29,3220000,서울특별시 강남구
CU 양재점,서울특별시,강남구,11680,서울특별시 강남대로 238 스카이쏠라빌딩,,37.4997965,127.028823,,서울수서경찰서,,Y,2026-01-29,3220000,서울특별시 강남구
GS25 도곡센터점,서울특별시,강남구,11680,서울특별시 남부순환로359길 6,,37.48904039,127.0402649,,서울수서경찰서,,Y,2026-01-29,3220000,서울특별시 강남구
세븐일레븐 도곡2호점,서울특별시,강남구,11680,서울특별시 강남구 남부순환로365길 38,,37.4877624033,127.0399513229,,서울수서경찰서,,Y,2026-01-29,3220000,서울특별시 강남구
세븐일레븐 강남도곡점,서울특별시,강남구,11680,서울특별시 강남구 남부순환로361길 6,,37.4855940074,127.0375706543,,서울수서경찰서,,Y,2026-01-29,3220000,서울특별시 강남구
세븐일레븐 강남YMCA점,서울특별시,강남구,11680,서울특별시 강남구 봉은사로37길 28,,37.51005125,127.0359579,,서울강남경찰서,,Y,2026-01-29,3220000,서울특별시 강남구
CU 논현세원점,서울특별시,강남구,11680,서울특별시 강남구 언주로125길 7,,37.51290305,127.0346285,,서울강남경찰서,,Y,2026-01-29,3220000,서울특별시 강남구
GS25 논현동부점,서울특별시,강남구,11680,서울특별시 강남구 학동로30길 49,,37.51107025,127.0333161,,서울강남경찰서,,Y,2026-01-29,3220000,서울특별시 강남구
GS25 논현진실점,서울특별시,강남구,11680,"서울특별시 강남구 언주로121길 8, 1층",,37.51173381,127.0349617,,서울강남경찰서,,Y,2026-01-29,3220000,서울특별시 강남구
세븐일레븐 역삼타운점,서울특별시,강남구,11680,서울특별시 강남구 강남대로84길 28,,37.4969468,127.0309047,,서울강남경찰서,,Y,2026-01-29,3220000,서울특별시 강남구
세븐일레븐 역삼진선점,서울특별시,강남구,11680,서울특별시 강남구 선릉로85길 8,,37.5028306,127.048825,,서울강남경찰서,,Y,2026-01-29,3220000,서울특별시 강남구
세븐일레븐 역삼만남점,서울특별시,강남구,11680,서울특별시 강남구 테헤란로6길 47,,37.4955369,127.0318129,,서울강남경찰서,,Y,2026-01-29,3220000,서울특별시 강남구
세븐일레븐 역삼디오빌점,서울특별시,강남구,11680,서울특별시 강남구 언주로 427,,37.50147603,127.0426899,,서울수서경찰서,,N,2026-01-29,3220000,서울특별시 강남구
세븐일레븐 역삼8호점,서울특별시,강남구,11680,서울특별시 강남구 강남대로102길 11,,37.5019276,127.0267351,,서울강남경찰서,,Y,2026-01-29,3220000,서울특별시 강남구
세븐일레븐 역삼22호점,서울특별시,강남구,11680,서울특별시 강남구 언주로71길 9,,37.497325,127.044262,,서울강남경찰서,,Y,2026-01-29,3220000,서울특별시 강남구
세븐일레븐 압구정로데오본점,서울특별시,강남구,11680,서울특별시 강남구 도산대로51길 44,,37.5259514,127.0383732,,서울강남경찰서,,N,2026-01-29,3220000,서울특별시 강남구
세븐일레븐 신사증권점,서울특별시,강남구,11680,서울특별시 강남구 압구정로30길 18,,37.52631186,127.0289891,,서울강남경찰서,,Y,2026-01-29,3220000,서울특별시 강남구
세븐일레븐 신사제일점,서울특별시,강남구,11680,서울특별시 강남구 논현로 808,,37.52090959,127.0284222,,서울강남경찰서,,Y,2026-01-29,3220000,서울특별시 강남구
세븐일레븐 세븐포이3호점,서울특별시,강남구,11680,서울특별시 강남구 논현로12길 19-9,,37.4753372,127.0486408,,서울수서경찰서,,Y,2026-01-29,3220000,서울특별시 강남구
CU 대치예영점,서울특별시,강남구,11680,서울특별시 강남구 삼성로63길 5,,37.4998355,127.059663,,서울수서경찰서,,Y,2026-01-29,3220000,서울특별시 강남구
세븐일레븐 삼성플러스원점,서울특별시,강남구,11680,서울특별시 강남구 봉은사로57길 13,,37.5116097,127.044926,,서울강남경찰서,,Y,2026-01-29,3220000,서울특별시 강남구
세븐일레븐 삼성베스트점,서울특별시,강남구,11680,서울특별시 강남구 삼성로104길 12,,37.5108204,127.055755,,서울강남경찰서,,Y,2026-01-29,3220000,서울특별시 강남구
세븐일레븐 삼성동래미안점,서울특별시,강남구,11680,서울특별시 강남구 선릉로130길 20,,37.51566482,127.043345,,서울강남경찰서,,Y,2026-01-29,3220000,서울특별시 강남구
세븐일레븐 삼성10호점,서울특별시,강남구,11680,서울특별시 강남구 삼성로115길 46,,37.5139612,127.048401,,서울강남경찰서,,Y,2026-01-29,3220000,서울특별시 강남구
세븐일레븐 메트로칸점,서울특별시,강남구,11680,서울특별시 강남구 테헤란로88길 10,,37.5068062,127.0594495,,서울수서경찰서,,Y,2026-01-29,3220000,서울특별시 강남구
세븐일레븐 도곡센트레빌점,서울특별시,강남구,11680,서울특별시 강남구 선릉로 206,,37.491453,127.0556417,,서울수서경찰서,,Y,2026-01-29,3220000,서울특별시 강남구
세븐일레븐 도곡공원점,서울특별시,강남구,11680,서울특별시 강남구 도곡로4길 5,,37.4895461,127.033329,,서울수서경찰서,,Y,2026-01-29,3220000,서울특별시 강남구
세븐일레븐 대치점,서울특별시,강남구,11680,서울특별시 강남구 삼성로 150,,37.49571728,127.0686391,,서울수서경찰서,,Y,2026-01-29,3220000,서울특별시 강남구
세븐일레븐 대치10호점,서울특별시,강남구,11680,서울특별시 강남구 역삼로64길 25,,37.4994391,127.0535637,,서울수서경찰서,,Y,2026-01-29,3220000,서울특별시 강남구
세븐일레븐 뉴강남센터점,서울특별시,강남구,11680,서울특별시 강남구 강남대로96길 9,,37.4998965,127.027723,,서울강남경찰서,,Y,2026-01-29,3220000,서울특별시 강남구
세븐일레븐 논현힐탑점,서울특별시,강남구,11680,서울특별시 강남구 논현로 639,,37.5105313,127.032098,,서울강남경찰서,,Y,2026-01-29,3220000,서울특별시 강남구
세븐일레븐 논현한바위점,서울특별시,강남구,11680,서울특별시 강남구 강남대로118길 30,,37.50685922,127.0257676,,서울강남경찰서,,Y,2026-01-29,3220000,서울특별시 강남구
세븐일레븐 논현제일점,서울특별시,강남구,11680,서울특별시 강남구 선릉로 641,,37.5137766,127.0422874,,서울강남경찰서,,Y,2026-01-29,3220000,서울특별시 강남구
세븐일레븐 논현보람점,서울특별시,강남구,11680,서울특별시 강남구 논현로132길 15,,37.5152193,127.0318073,,서울강남경찰서,,Y,2026-01-29,3220000,서울특별시 강남구
세븐일레븐 논현13호점,서울특별시,강남구,11680,서울특별시 강남구 학동로43길 14,,37.5170337,127.0375091,,서울강남경찰서,,Y,2026-01-29,3220000,서울특별시 강남구
세븐일레븐 논현12호점,서울특별시,강남구,11680,서울특별시 강남구 강남대로128길 48,,37.5111526,127.025632,,서울강남경찰서,,Y,2026-01-29,3220000,서울특별시 강남구
CU 대치동부점,서울특별시,강남구,11680,서울특별시 강남구 테헤란로78길 8,,37.50562267,127.055221,,서울수서경찰서,,Y,2026-01-29,3220000,서울특별시 강남구
세븐일레븐 거평타운점,서울특별시,강남구,11680,서울특별시 강남구 봉은사로 129,,37.5059169,127.0283077,,서울강남경찰서,,Y,2026-01-29,3220000,서울특별시 강남구
세븐일레븐 개포본점,서울특별시,강남구,11680,서울특별시 강남구 개포로28길 15,,37.47807861,127.0499559,,서울수서경찰서,,Y,2026-01-29,3220000,서울특별시 강남구
세븐일레븐 개포2호점,서울특별시,강남구,11680,서울특별시 강남구 개포로 512,,37.4893117,127.0688124,,서울수서경찰서,,Y,2026-01-29,3220000,서울특별시 강남구
세븐일레븐 개포1호점,서울특별시,강남구,11680,서울특별시 강남구 선릉로 48,,37.48360708,127.059715,,서울수서경찰서,,N,2026-01-29,3220000,서울특별시 강남구
세븐일레븐 강남선릉점,서울특별시,강남구,11680,서울특별시 강남구 언주로98길 37,,37.5047589,127.0448202,,서울강남경찰서,,Y,2026-01-29,3220000,서울특별시 강남구
세븐일레븐 KT강남점,서울특별시,강남구,11680,서울특별시 강남구 언주로 517,,37.50433183,127.0415199,,서울강남경찰서,,Y,2026-01-29,3220000,서울특별시 강남구
GS25 포이점,서울특별시,강남구,11680,서울특별시 강남구 개포로22길 40,,37.4765057,127.0493261,,서울수서경찰서,,Y,2026-01-29,3220000,서울특별시 강남구
GS25 포이그린점,서울특별시,강남구,11680,서울특별시 강남구 개포로25길 15,,37.4799477,127.0480005,,서울수서경찰서,,Y,2026-01-29,3220000,서울특별시 강남구
GS25 청담타운점,서울특별시,강남구,11680,서울특별시 강남구 삼성로145길 16,,37.5225416,127.046944,,서울강남경찰서,,Y,2026-01-29,3220000,서울특별시 강남구
GS25 청담중앙점,서울특별시,강남구,11680,서울특별시 강남구 선릉로148길 32,,37.5226105,127.042187,,서울강남경찰서,,Y,2026-01-29,3220000,서울특별시 강남구
CU 대치기량점,서울특별시,강남구,11680,서울특별시 강남구 선릉로 406,,37.5011164,127.050858,,서울수서경찰서,,Y,2026-01-29,3220000,서울특별시 강남구
GS25 일원으뜸점,서울특별시,강남구,11680,서울특별시 강남구 일원로5길 6,,37.4906218,127.0814726,,서울수서경찰서,,Y,2026-01-29,3220000,서울특별시 강남구
GS25 역삼테헤란점,서울특별시,강남구,11680,서울특별시 강남구 테헤란로33길 7,,37.502262,127.039234,,서울강남경찰서,,Y,2026-01-29,3220000,서울특별시 강남구
GS25 역삼지에스점,서울특별시,강남구,11680,서울특별시 강남구 봉은사로30길 78,,37.5024499,127.037017,,서울강남경찰서,,Y,2026-01-29,3220000,서울특별시 강남구
GS25 역삼제일점,서울특별시,강남구,11680,서울특별시 강남구 언주로108길 6,,37.50782724,127.040098,,서울강남경찰서,,Y,2026-01-29,3220000,서울특별시 강남구
GS25 역삼아워홈점,서울특별시,강남구,11680,서울특별시 강남구 역삼로3길 10,,37.4942198,127.0316173,,서울강남경찰서,,Y,2026-01-29,3220000,서울특별시 강남구
GS25 역삼싱아점,서울특별시,강남구,11680,서울특별시 강남구 논현로72길 13,,37.49584009,127.0405163,,서울강남경찰서,,Y,2026-01-29,3220000,서울특별시 강남구
GS25 역삼소망점,서울특별시,강남구,11680,서울특별시 강남구 봉은사로26길 26,,37.505404,127.033641,,서울강남경찰서,,Y,2026-01-29,3220000,서울특별시 강남구
GS25 역삼사랑점,서울특별시,강남구,11680,서울특별시 강남구 테헤란로55길 27,,37.5059701,127.046548,,서울강남경찰서,,Y,2026-01-29,3220000,서울특별시 강남구
GS25 역삼블루점,서울특별시,강남구,11680,서울특별시 강남구 도곡로21길 18,,37.4932542,127.0388231,,서울수서경찰서,,Y,2026-01-29,3220000,서울특별시 강남구
GS25 역삼대홍점,서울특별시,강남구,11680,서울특별시 강남구 논현로63길 19,,37.4924317,127.039223,,서울강남경찰서,,Y,2026-01-29,3220000,서울특별시 강남구
CU 논현강남점,서울특별시,강남구,11680,서울특별시 강남구 선릉로131길 25,,37.5171263,127.038928,,서울강남경찰서,,Y,2026-01-29,3220000,서울특별시 강남구
GS25 역삼2점,서울특별시,강남구,11680,서울특별시 강남구 역삼로14길 7,,37.4940425,127.0355007,,서울강남경찰서,,Y,2026-01-29,3220000,서울특별시 강남구
GS25 신사초롱점,서울특별시,강남구,11680,서울특별시 강남구 논현로153길 46,,37.52051764,127.024426,,서울강남경찰서,,Y,2026-01-29,3220000,서울특별시 강남구
GS25 세곡래미안점,서울특별시,강남구,11680,서울특별시 강남구 자곡로 101,,37.4726559,127.0958063,,서울수서경찰서,,N,2026-01-29,3220000,서울특별시 강남구
GS25 삼성한울점,서울특별시,강남구,11680,서울특별시 강남구 삼성로119길 37,,37.5153096,127.048545,,서울강남경찰서,,Y,2026-01-29,3220000,서울특별시 강남구
GS25 삼성승리점,서울특별시,강남구,11680,서울특별시 강남구 테헤란로63길 17,,37.506364,127.050027,,서울강남경찰서,,Y,2026-01-29,3220000,서울특별시 강남구
GS25 삼성그린점,서울특별시,강남구,11680,서울특별시 강남구 삼성로107길 31,,37.5107392,127.0515468,,서울강남경찰서,,Y,2026-01-29,3220000,서울특별시 강남구
GS25 도곡점,서울특별시,강남구,11680,서울특별시 강남구 남부순환로 2730,,37.4857031,127.044693,,서울수서경찰서,,Y,2026-01-29,3220000,서울특별시 강남구
GS25 도곡럭키본점,서울특별시,강남구,11680,서울특별시 강남구 남부순환로365길 56,,37.48903939,127.0402449,,서울수서경찰서,,Y,2026-01-29,3220000,서울특별시 강남구
GS25 논현한영점,서울특별시,강남구,11680,서울특별시 강남구 논현로114길 11,,37.50882736,127.0343009,,서울강남경찰서,,Y,2026-01-29,3220000,서울특별시 강남구
GS25 논현학동점,서울특별시,강남구,11680,서울특별시 강남구 논현로146길 11,,37.51822062,127.0299073,,서울강남경찰서,,Y,2026-01-29,3220000,서울특별시 강남구
CU 개포사랑점,서울특별시,강남구,11680,서울특별시 강남구 선릉로10길 4,,37.48311645,127.060656,,서울수서경찰서,,Y,2026-01-29,3220000,서울특별시 강남구
GS25 논현이편한점,서울특별시,강남구,11680,서울특별시 강남구 봉은사로11길 12,,37.50674207,127.0289875,,서울강남경찰서,,Y,2026-01-29,3220000,서울특별시 강남구
GS25 논현보람점,서울특별시,강남구,11680,서울특별시 강남구 선릉로121길 15,,37.5136671,127.0410001,,서울강남경찰서,,Y,2026-01-29,3220000,서울특별시 강남구
GS25 논현동우점,서울특별시,강남구,11680,서울특별시 강남구 봉은사로37길 13,,37.50921235,127.0364508,,서울강남경찰서,,Y,2026-01-29,3220000,서울특별시 강남구
GS25 개포소망점,서울특별시,강남구,11680,서울특별시 강남구 개포로 508,,37.48923213,127.0679409,,서울수서경찰서,,Y,2026-01-29,3220000,서울특별시 강남구
GS25 개포사랑점,서울특별시,강남구,11680,서울특별시 강남구 논현로8길 21,,37.4744169,127.050455,,서울수서경찰서,,Y,2026-01-29,3220000,서울특별시 강남구
GS25 개포럭키점,서울특별시,강남구,11680,서울특별시 강남구 개포로20길 12,,37.4779054,127.047248,,서울수서경찰서,,Y,2026-01-29,3220000,서울특별시 강남구
GS25 강남동원점,서울특별시,강남구,11680,서울특별시 강남구 테헤란로77길 7,,37.50692766,127.0544955,,서울강남경찰서,,Y,2026-01-29,3220000,서울특별시 강남구
GS25 강남나누리점,서울특별시,강남구,11680,서울특별시 강남구 언주로147길 10,,37.5199548,127.0334065,,서울강남경찰서,,Y,2026-01-29,3220000,서울특별시 강남구
CU 역삼형지점,서울특별시,강남구,11680,서울특별시 강남구 논현로 327,,37.4944237,127.0396056,,서울강남경찰서,,Y,2026-01-29,3220000,서울특별시 강남구
CU 역삼하나점,서울특별시,강남구,11680,서울특별시 강남구 테헤란로25길 59,,37.50430796,127.034133,,서울강남경찰서,,Y,2026-01-29,3220000,서울특별시 강남구
CU 강남푸르지오점,서울특별시,강남구,11680,서울특별시 강남구 테헤란로4길 6,,37.497689,127.0292848,,서울강남경찰서,,Y,2026-01-29,3220000,서울특별시 강남구
CU 역삼푸른점,서울특별시,강남구,11680,서울특별시 강남구 도곡로1길 7,,37.490414,127.032327,,서울강남경찰서,,Y,2026-01-29,3220000,서울특별시 강남구
CU 역삼푸르지오점,서울특별시,강남구,11680,서울특별시 강남구 언주로70길 10,,37.4969176,127.046391,,서울강남경찰서,,Y,2026-01-29,3220000,서울특별시 강남구
CU 역삼포스틸점,서울특별시,강남구,11680,서울특별시 강남구 테헤란로20길 10,,37.4990484,127.034161,,서울강남경찰서,,Y,2026-01-29,3220000,서울특별시 강남구
CU 역삼타운점,서울특별시,강남구,11680,서울특별시 강남구 언주로75길 16,,37.49870801,127.0430309,,서울강남경찰서,,Y,2026-01-29,3220000,서울특별시 강남구
CU 역삼카이로스점,서울특별시,강남구,11680,서울특별시 강남구 강남대로66길 8,,37.49171982,127.031564,,서울강남경찰서,,Y,2026-01-29,3220000,서울특별시 강남구
CU 역삼점,서울특별시,강남구,11680,서울특별시 강남구 테헤란로51길 10,,37.5047409,127.046954,,서울강남경찰서,,Y,2026-01-29,3220000,서울특별시 강남구
CU 역삼유토빌점,서울특별시,강남구,11680,서울특별시 강남구 논현로87길 41,,37.498821,127.033588,,서울강남경찰서,,Y,2026-01-29,3220000,서울특별시 강남구
CU 역삼에클라트점,서울특별시,강남구,11680,서울특별시 강남구 테헤란로20길 19,,37.498524,127.0350122,,서울강남경찰서,,Y,2026-01-29,3220000,서울특별시 강남구
CU 역삼시티점,서울특별시,강남구,11680,서울특별시 강남구 테헤란로7길 7,,37.49963104,127.0304731,,서울강남경찰서,,Y,2026-01-29,3220000,서울특별시 강남구
CU 역삼삼부자점,서울특별시,강남구,11680,서울특별시 강남구 테헤란로51길 43,,37.505703,127.044178,,서울강남경찰서,,Y,2026-01-29,3220000,서울특별시 강남구
CU 강남시티점,서울특별시,강남구,11680,서울특별시 강남구 선릉로93길 50,,37.5043533,127.0446413,,서울강남경찰서,,Y,2026-01-29,3220000,서울특별시 강남구
CU 역삼사랑점,서울특별시,강남구,11680,서울특별시 강남구 언주로104길 6,,37.50700526,127.040809,,서울강남경찰서,,Y,2026-01-29,3220000,서울특별시 강남구
CU 역삼벚꽃길점,서울특별시,강남구,11680,서울특별시 강남구 도곡로7길 8,,37.49134037,127.0352301,,서울강남경찰서,,Y,2026-01-29,3220000,서울특별시 강남구
CU 역삼경남점,서울특별시,강남구,11680,서울특별시 강남구 언주로85길 13,,37.50056793,127.042336,,서울강남경찰서,,Y,2026-01-29,3220000,서울특별시 강남구
CU 역삼건화점,서울특별시,강남구,11680,서울특별시 강남구 논현로64길 18,,37.4934452,127.041948,,서울강남경찰서,,Y,2026-01-29,3220000,서울특별시 강남구
CU 역삼가화점,서울특별시,강남구,11680,서울특별시 강남구 역삼로34길 19,,37.4960087,127.0426913,,서울강남경찰서,,N,2026-01-29,3220000,서울특별시 강남구
CU 신사현대점,서울특별시,강남구,11680,서울특별시 강남구 논현로176길 20,,37.5272065,127.0301094,,서울강남경찰서,,Y,2026-01-29,3220000,서울특별시 강남구
CU 선정릉역점,서울특별시,강남구,11680,서울특별시 강남구 봉은사로 409,,37.5108229,127.0447138,,서울강남경찰서,,N,2026-01-29,3220000,서울특별시 강남구
CU 도곡아이파크점,서울특별시,강남구,11680,서울특별시 강남구 도곡로28길 8,,37.4920697,127.0421146,,서울수서경찰서,,Y,2026-01-29,3220000,서울특별시 강남구
CU 대치한국점,서울특별시,강남구,11680,서울특별시 강남구 선릉로86길 7,,37.5032613,127.050312,,서울수서경찰서,,Y,2026-01-29,3220000,서울특별시 강남구
이마트24 R뉴청담본점,서울특별시,강남구,11680,서울특별시 강남구 도산대로66길 43,,37.5206195,127.043855,,서울강남경찰서,,Y,2026-01-29,3220000,서울특별시 강남구
씨스페이스 삼성1점,서울특별시,강남구,11680,서울특별시 강남구 영동대로112길 5,,37.5151298,127.0606594,,서울강남경찰서,,N,2026-01-29,3220000,서울특별시 강남구
세븐일레븐 테헤란로점,서울특별시,강남구,11680,서울특별시 강남구 테헤란로 428,,37.5056037,127.0541831,,서울수서경찰서,,Y,2026-01-29,3220000,서울특별시 강남구
세븐일레븐 청담유시어터점,서울특별시,강남구,11680,서울특별시 강남구 도산대로58길 17,,37.5220301,127.0415161,,서울강남경찰서,,Y,2026-01-29,3220000,서울특별시 강남구
세븐일레븐 청담루나점,서울특별시,강남구,11680,서울특별시 강남구 학동로 523,,37.5201056,127.056051,,서울강남경찰서,,Y,2026-01-29,3220000,서울특별시 강남구
세븐일레븐 일원석탑점,서울특별시,강남구,11680,서울특별시 강남구 개포로 615,,37.4926193,127.0755689,,서울수서경찰서,,Y,2026-01-29,3220000,서울특별시 강남구
세븐일레븐 역삼화인점,서울특별시,강남구,11680,서울특별시 강남구 봉은사로30길 28,,37.505604,127.0354373,,서울강남경찰서,,Y,2026-01-29,3220000,서울특별시 강남구
세븐일레븐 역삼화랑점,서울특별시,강남구,11680,서울특별시 강남구 역삼로20길 9,,37.49471298,127.0376559,,서울강남경찰서,,Y,2026-01-29,3220000,서울특별시 강남구
세븐일레븐 역삼태극점,서울특별시,강남구,11680,서울특별시 강남구 강남대로78길 8,,37.4946558,127.030034,,서울강남경찰서,,Y,2026-01-29,3220000,서울특별시 강남구
세븐일레븐 역삼태광점,서울특별시,강남구,11680,서울특별시 강남구 테헤란로34길 7,,37.50112367,127.0403049,,서울수서경찰서,,Y,2026-01-29,3220000,서울특별시 강남구
CU 대치태양점,서울특별시,강남구,11680,서울특별시 강남구 선릉로68길 9,,37.49912587,127.052486,,서울수서경찰서,,Y,2026-01-29,3220000,서울특별시 강남구
GS25 불광역점,서울특별시,은평구,11380,서울특별시 은평구 통일로 750,서울특별시 은평구 불광동 267-1,37.61230099,126.9286073,02-351-6235,은평경찰서,2014,Y,2025-12-18,3110000,서울특별시 은평구
GS25 불광래미안점,서울특별시,은평구,11380,서울특별시 은평구 진흥로 267-16,서울특별시 은평구 불광동 638-1,37.61161588,126.9377235,02-351-6235,은평경찰서,2014,Y,2025-12-18,3110000,서울특별시 은평구
GS25 녹번점,서울특별시,은평구,11380,서울특별시 은평구 통일로 685,서울특별시 은평구 녹번동 117-61,37.60734825,126.9324542,02-351-6235,은평경찰서,2014,Y,2025-12-18,3110000,서울특별시 은평구
GS25 뉴구산가온,서울특별시,은평구,11380,"서울특별시 은평구 서오릉로17길 18, 1층",서울특별시 은평구 구산동 363-17,37.61358055,126.9081794,02-351-6235,은평경찰서,2014,Y,2025-12-18,3110000,서울특별시 은평구
CU 응암에이스점,서울특별시,은평구,11380,서울특별시 은평구 가좌로7다길 7,서울특별시 은평구 응암동 732-9,37.58529423,126.9184862,02-351-6235,은평경찰서,2014,Y,2025-12-18,3110000,서울특별시 은평구
CU 선정송이점,서울특별시,은평구,11380,"서울특별시 은평구 서오릉로20길 20-1, 선정쉐르빌",서울특별시 은평구 갈현동 327-135,37.61715587,126.9095737,02-351-6235,은평경찰서,2014,Y,2025-12-18,3110000,서울특별시 은평구
세븐일레븐 중곡빌리지점,서울특별시,광진구,11215,서울특별시 광진구 용마산로3길 32,서울특별시 광진구 중곡동 121-43,37.5561974,127.0862161,,광진경찰서,,Y,2025-12-23,3040000,서울특별시 광진구
세븐일레븐 건대제일점,서울특별시,광진구,11215,서울특별시 광진구 동일로22길 59,서울특별시 광진구 화양동 47-67,37.54169965,127.0676312,02-3409-1526,광진경찰서,,Y,2025-12-23,3040000,서울특별시 광진구
세븐일레븐 건대예술점,서울특별시,광진구,11215,서울특별시 광진구 능동로 143,서울특별시 광진구 화양동 3-21,37.54359372,127.0720679,02-468-3711,광진경찰서,,Y,2025-12-23,3040000,서울특별시 광진구
GS25 자양강변,서울특별시,광진구,11215,서울특별시 광진구 뚝섬로52라길 3,서울특별시 광진구 자양동 639-11,37.52990909,127.0787905,02-3436-9802,광진경찰서,,Y,2025-12-23,3040000,서울특별시 광진구
GS25 군자행운,서울특별시,광진구,11215,서울특별시 광진구 군자로 141,서울특별시 광진구 군자동 48-24,37.55430776,127.0748263,080-999-5425,광진경찰서,,Y,2025-12-23,3040000,서울특별시 광진구
GS25 증산공원점,서울특별시,은평구,11380,서울특별시 은평구 증산로5길 11,서울특별시 은평구 증산동 175-10,37.582818,126.9068961,02-351-6235,은평경찰서,2023,Y,2025-12-18,3110000,서울특별시 은평구
GS25 은평한남점,서울특별시,은평구,11380,서울특별시 은평구 갈현로 155-3,서울특별시 은평구 구산동 14-2,37.6117135,126.9107156,02-351-6235,은평경찰서,2023,Y,2025-12-18,3110000,서울특별시 은평구
GS25 갈현중앙점,서울특별시,은평구,11380,서울특별시 은평구 통일로89길 5,서울특별시 은평구 갈현동 413-1,37.6245104,126.9190389,02-351-6235,은평경찰서,2023,Y,2025-12-18,3110000,서울특별시 은평구
GS25 갈현포인트점,서울특별시,은평구,11380,서울특별시 은평구 갈현로 303,서울특별시 은평구 갈현동 422-35,37.6238985,126.9168678,02-351-6235,은평경찰서,2023,Y,2025-12-18,3110000,서울특별시 은평구
GS25 녹번퍼스트짐,서울특별시,은평구,11380,서울특별시 은평구 은평로 215,서울특별시 은평구 녹번동 218,37.6014039,126.9316806,02-351-6235,은평경찰서,2023,Y,2025-12-18,3110000,서울특별시 은평구
GS25 녹번중앙점,서울특별시,은평구,11380,서울특별시 은평구 녹번로9길 19,서울특별시 은평구 녹번동 120-17,37.60764935,126.9295387,02-351-6235,은평경찰서,2023,Y,2025-12-18,3110000,서울특별시 은평구
GS25 녹번역점,서울특별시,은평구,11380,서울특별시 은평구 통일로 639,서울특별시 은평구 녹번동 35-96,37.6038567,126.9346391,02-351-6235,은평경찰서,2023,Y,2025-12-18,3110000,서울특별시 은평구
세븐일레븐 연신내행복점,서울특별시,은평구,11380,서울특별시 은평구 통일로80길 9,서울특별시 은평구 불광동 312-129,37.62005135,126.9216732,02-351-6235,은평경찰서,2014,Y,2025-12-18,3110000,서울특별시 은평구
세븐일레븐 응암중앙점,서울특별시,은평구,11380,서울특별시 은평구 가좌로7길 6,서울특별시 은평구 응암동 745-16,37.5870614,126.9201397,02-351-6235,은평경찰서,2014,Y,2025-12-18,3110000,서울특별시 은평구
GS25 불광힐스테이트점,서울특별시,은평구,11380,"서울특별시 은평구 통일로 796, 북한산힐스테이트7차 상가",서울특별시 은평구 불광동 643,37.6163432,126.9257576,02-351-6235,은평경찰서,2014,Y,2025-12-18,3110000,서울특별시 은평구
GS25 갈현파크점,서울특별시,은평구,11380,"서울특별시 은평구 갈현로25길 14, 갈현파크빌",서울특별시 은평구 갈현동 515-18,37.61750316,126.9136232,02-351-6235,은평경찰서,2014,Y,2025-12-18,3110000,서울특별시 은평구
세븐일레븐 은평세느강점,서울특별시,은평구,11380,서울특별시 은평구 진관3로 15-35,서울특별시 은평구 진관동 28,37.64256139,126.9174116,02-351-6235,은평경찰서,2014,Y,2025-12-18,3110000,서울특별시 은평구
GS25 은평불광점,서울특별시,은평구,11380,"서울특별시 은평구 연서로 274, 1층",서울특별시 은평구 불광동 353-59,37.62058815,126.9250096,02-351-6235,은평경찰서,2014,Y,2025-12-18,3110000,서울특별시 은평구
GS25 불광타운점,서울특별시,은평구,11380,"서울특별시 은평구 연서로 289, 1층",서울특별시 은평구 불광동 422-4,37.62164674,126.9261705,02-351-6235,은평경찰서,2014,Y,2025-12-18,3110000,서울특별시 은평구
GS25 응암역점,서울특별시,은평구,11380,"서울특별시 은평구 연서로 1, 리더스파크",서울특별시 은평구 역촌동 85-41,37.59925615,126.915362,02-351-6235,은평경찰서,2014,Y,2025-12-18,3110000,서울특별시 은평구
GS25 은평영화점,서울특별시,은평구,11380,"서울특별시 은평구 연서로27길 14, 영화빌딩",서울특별시 은평구 갈현동 454-27,37.61815699,126.9180054,02-351-6235,은평경찰서,2014,Y,2025-12-18,3110000,서울특별시 은평구
GS25 은평보람점,서울특별시,은평구,11380,"서울특별시 은평구 연서로21길 24-1, 1층",서울특별시 은평구 갈현동 486-22,37.61531867,126.9152013,02-351-6235,은평경찰서,2014,Y,2025-12-18,3110000,서울특별시 은평구
GS25 연신내제일점,서울특별시,은평구,11380,"서울특별시 은평구 연서로26길 11, 유성빌딩 1층",서울특별시 은평구 대조동 196-25,37.61685167,126.9208162,02-351-6235,은평경찰서,2014,Y,2025-12-18,3110000,서울특별시 은평구
이마트24 R은평응암로점,서울특별시,은평구,11380,서울특별시 은평구 응암로 181,서울특별시 은평구 응암동 598-1,37.588232,126.916587,02-351-6235,은평경찰서,2025,Y,2025-12-18,3110000,서울특별시 은평구
이마트24 은평연신점,서울특별시,은평구,11380,서울특별시 은평구 연서로33길 20,서울특별시 은평구 불광동 390-5,37.6222794035,126.9238520645,02-351-6235,은평경찰서,2025,Y,2025-12-18,3110000,서울특별시 은평구
CU 불광연신내점,서울특별시,은평구,11380,서울특별시 은평구 연서로33길 8,서울특별시 은평구 불광동 365-2,37.6213983181,126.9245378132,02-351-6235,은평경찰서,2025,Y,2025-12-18,3110000,서울특별시 은평구
CU 연신내삼거리점,서울특별시,은평구,11380,서울특별시 은평구 연서로32길 19,서울특별시 은평구 불광동 328-1,37.6188901601,126.9244143926,02-351-6235,은평경찰서,2025,Y,2025-12-18,3110000,서울특별시 은평구
CU 연신내현대점,서울특별시,은평구,11380,서울특별시 은평구 통일로72길 17,서울특별시 은평구 불광동 295-14,37.617323245,126.9251098528,02-351-6235,은평경찰서,2025,Y,2025-12-18,3110000,서울특별시 은평구
세븐일레븐 은평불광점,서울특별시,은평구,11380,서울특별시 은평구 연서로34길 12,서울특별시 은평구 불광동 211-3,37.6212188,126.9275695,02-351-6235,은평경찰서,2023,Y,2025-12-18,3110000,서울특별시 은평구
CU 은평등기소점,서울특별시,은평구,11380,서울특별시 은평구 백련산로 175,서울특별시 은평구 응암동 97-1,37.6004741,126.9266822,02-351-6235,은평경찰서,2023,Y,2025-12-18,3110000,서울특별시 은평구
CU 구산다온점,서울특별시,은평구,11380,서울특별시 은평구 연서로9길 6,서울특별시 은평구 구산동 21-55,37.6075806,126.914542,02-351-6235,은평경찰서,2023,Y,2025-12-18,3110000,서울특별시 은평구
CU 불광햇빛점,서울특별시,은평구,11380,서울특별시 은평구 통일로 708-5,서울특별시 은평구 불광동 285-21,37.6095103,126.9315164,02-351-6235,은평경찰서,2023,Y,2025-12-18,3110000,서울특별시 은평구
CU 녹번제일점,서울특별시,은평구,11380,서울특별시 은평구 진흥로 148,서울특별시 은평구 녹번동 141-1,37.60844389,126.9263669,02-351-6235,은평경찰서,2023,Y,2025-12-18,3110000,서울특별시 은평구
CU 은평녹번점,서울특별시,은평구,11380,서울특별시 은평구 은평로21길 8,서울특별시 은평구 녹번동 43-8,37.601676,126.933389,02-351-6235,은평경찰서,2023,Y,2025-12-18,3110000,서울특별시 은평구
세븐일레븐 구일역점,서울특별시,구로구,11530,서울특별시 구로구 구일로 110(구로동),서울특별시 구로구 구로동 642-108,37.4950273,126.872004,02-851-1795,서울구로경찰서,2020,N,2025-12-08,3160000,서울특별시 구로구
세븐일레븐 고척푸르지오점,서울특별시,구로구,11530,서울특별시 구로구 중앙로 109(고척동),서울특별시 구로구 고척동339-1,37.5070541,126.8595113,02-2060-8367,서울구로경찰서,2020,N,2025-12-08,3160000,서울특별시 구로구
세븐일레븐 구일그린빌점,서울특별시,구로구,11530,"서울특별시 구로구 구일로10길 49(구로동, 다원그린빌)",서울특별시 구로구 구로동 685-154,37.4957011,126.8744343,,서울구로경찰서,2020,Y,2025-12-08,3160000,서울특별시 구로구
세븐일레븐 구로하이엔드점,서울특별시,구로구,11530,서울특별시 구로구 디지털로26길 5(구로동),서울특별시 구로구 구로동 235-2,37.48160996,126.8934683,,서울구로경찰서,2020,Y,2025-12-08,3160000,서울특별시 구로구
세븐일레븐 구로공단역점,서울특별시,구로구,11530,서울특별시 구로구 디지털로32나길 35(구로동),서울특별시 구로구 구로동 1124-44,37.48471224,126.9008335,02-864-6872,서울구로경찰서,2020,Y,2025-12-08,3160000,서울특별시 구로구
세븐일레븐 구로구청점,서울특별시,구로구,11530,서울특별시 구로구 가마산로22길 10(구로동),서울특별시 구로구 구로동 82-4,37.4939413,126.8874488,02-859-1390,서울구로경찰서,2020,Y,2025-12-08,3160000,서울특별시 구로구
세븐일레븐 구로천왕역점,서울특별시,구로구,11530,서울특별시 구로구 오리로 1154-7(오류동),서울특별시 구로구 오류동 183-8,37.4875288,126.8388062,,서울구로경찰서,2020,Y,2025-12-08,3160000,서울특별시 구로구
GS25 고척,서울특별시,구로구,11530,서울특별시 구로구 경인로47길 10(고척동),서울특별시 구로구 고척동 62-98,37.5001115,126.8671606,02-2616-0574,서울구로경찰서,2020,Y,2025-12-08,3160000,서울특별시 구로구
GS25 구로미래,서울특별시,구로구,11530,"서울특별시 구로구 경인로 661(신도림동,1104호)",서울특별시 구로구 신도림동 337,37.50904858,126.8869872,02-2069-1185,서울구로경찰서,2020,Y,2025-12-08,3160000,서울특별시 구로구
GS25 개봉으뜸,서울특별시,구로구,11530,"서울특별시 구로구 경인로40길 41(개봉동,107호)",서울특별시 구로구 개봉동 181-5,37.49502772,126.8590223,02-2066-9123,서울구로경찰서,2020,Y,2025-12-08,3160000,서울특별시 구로구
GS25 구로경인점,서울특별시,구로구,11530,"서울특별시 구로구 경인로35길 38(개봉동,1층)",서울특별시 구로구 개봉동 149-20,37.49891797,126.8543162,02-2688-1153,서울구로경찰서,2020,Y,2025-12-08,3160000,서울특별시 구로구
GS25 구로이편한점,서울특별시,구로구,11530,"서울특별시 구로구 신도림로 16, 101호(신도림동, 대림2차)","서울특별시 구로구 신도림동 642, 대림2차",37.50512273,126.8821933,02-2634-2810,서울구로경찰서,2020,Y,2025-12-08,3160000,서울특별시 구로구
GS25 구로사랑,서울특별시,구로구,11530,"서울특별시 구로구 경인로 661(신도림동,154호)",서울특별시 구로구 신도림동 337,37.50904858,126.8869872,02-2069-1049,서울구로경찰서,2020,Y,2025-12-08,3160000,서울특별시 구로구
GS25 디큐브시티,서울특별시,구로구,11530,"서울특별시 구로구 경인로 662(신도림동,지하1층)",서울특별시 구로구 신도림동 692,37.50812307,126.888213,02-2636-6980,서울구로경찰서,2020,N,2025-12-08,3160000,서울특별시 구로구
GS25 구로지벨리몰점,서울특별시,구로구,11530,서울특별시 구로구 디지털로 300(구로동),서울특별시 구로구 구로동 188-25,37.48492704,126.896538,02-6344-3904,서울구로경찰서,2020,Y,2025-12-08,3160000,서울특별시 구로구
GS25 오류행운,서울특별시,구로구,11530,서울특별시 구로구 경인로15길 80-4 (오류동),서울특별시 구로구 오류동 4-1,37.49722671,126.837019,02-2625-0025,서울구로경찰서,2020,Y,2025-12-08,3160000,서울특별시 구로구
GS25 신도림,서울특별시,구로구,11530,서울특별시 구로구 공원로6가길 52(구로동),서울특별시 구로구 구로동 33-1,37.5036144,126.8901032,02-852-7023,서울구로경찰서,2020,Y,2025-12-08,3160000,서울특별시 구로구
GS25 구로현대,서울특별시,구로구,11530,서울특별시 구로구 신도림로19길 16(신도림동),서울특별시 구로구 신도림동 641,37.51158352,126.8846172,02-3667-2596,서울구로경찰서,2020,Y,2025-12-08,3160000,서울특별시 구로구
GS25 구로제일,서울특별시,구로구,11530,서울특별시 구로구 구일로4길 33(구로동),서울특별시 구로구 구로동 685-215,37.49209493,126.8757919,02-830-1963,서울구로경찰서,2020,Y,2025-12-08,3160000,서울특별시 구로구
GS25 구로미성,서울특별시,구로구,11530,서울특별시 구로구 구로중앙로 228(신도림동),서울특별시 구로구 신도림동 399,37.5061286,126.8766046,02-2635-2025,서울구로경찰서,2020,Y,2025-12-08,3160000,서울특별시 구로구
GS25 구로문성,서울특별시,구로구,11530,"서울특별시 구로구 디지털로32가길 72(구로동,101호)",서울특별시 구로구 구로동 1129-18,37.4805275,126.8969729,02-830-8770,서울구로경찰서,2020,Y,2025-12-08,3160000,서울특별시 구로구
GS25 구로개봉,서울특별시,구로구,11530,서울특별시 구로구 고척로19길 16(개봉동),서울특별시 구로구 개봉동 62-19,37.5019437,126.8453347,02-2611-8663,서울구로경찰서,2020,Y,2025-12-08,3160000,서울특별시 구로구
GS25 구로가리봉,서울특별시,구로구,11530,서울특별시 구로구 우마길 1 (가리봉동),서울특별시 구로구 가리봉동 122-21,37.4825185,126.8875206,02-858-6648,서울구로경찰서,2020,Y,2025-12-08,3160000,서울특별시 구로구
GS25 구로W타워,서울특별시,구로구,11530,서울특별시 구로구 경인로53길 90(구로동),서울특별시 구로구 구로동 615-3,37.50471737,126.8751754,02-6124-3343,서울구로경찰서,2020,Y,2025-12-08,3160000,서울특별시 구로구
GS25 고척세곡,서울특별시,구로구,11530,서울특별시 구로구 고척로33길 60(고척동),서울특별시 구로구 고척동 241-129,37.5052065,126.8480204,02-2066-5660,서울구로경찰서,2020,Y,2025-12-08,3160000,서울특별시 구로구
CU 구로파트너점,서울특별시,구로구,11530,서울특별시 구로구 디지털로32가길 16(구로동),서울특별시 구로구 구로동 1128-3,37.4829104,126.898574,02-2028-3658,서울구로경찰서,2020,Y,2025-12-08,3160000,서울특별시 구로구
CU 한신IT타워점,서울특별시,구로구,11530,서울특별시 구로구 디지털로 272(구로동),서울특별시 구로구 구로동 235,37.48250101,126.894424,02-866-2101,서울구로경찰서,2020,Y,2025-12-08,3160000,서울특별시 구로구
CU 오류현대점,서울특별시,구로구,11530,서울특별시 구로구 경인로20나길 30(오류동),서울특별시 구로구 오류동 46-1,37.4948667,126.8420247,02-2066-2287,서울구로경찰서,2020,Y,2025-12-08,3160000,서울특별시 구로구
CU 구로포스큐,서울특별시,구로구,11530,"서울특별시 구로구 공원로11(구로동,102호)",서울특별시 구로구 구로동 106-2,37.4981598,126.8919457,02-830-7248,서울구로경찰서,2020,Y,2025-12-08,3160000,서울특별시 구로구
CU 고척리가점,서울특별시,구로구,11530,서울특별시 구로구 중앙로14길 23(고척동),서울특별시 구로구 고척동 41-3,37.5069602,126.8626241,02-707-2250,서울구로경찰서,2020,Y,2025-12-08,3160000,서울특별시 구로구
세븐일레븐 한양본점,서울특별시,성동구,11200,서울특별시 성동구 마조로5길 8,서울특별시 성동구 행당동 4-27,37.56012487,127.0402266,02-2281-0779,서울성동경찰서,,Y,2025-12-23,3030000,서울특별시 성동구
미니스톱 성동도선점,서울특별시,성동구,11200,서울특별시 성동구 왕십리로20길 26,서울특별시 성동구 도선동 4-3,37.56400786,127.0355689,02-2297-7319,서울성동경찰서,,Y,2025-12-23,3030000,서울특별시 성동구
GS25 한양여대점,서울특별시,성동구,11200,서울특별시 성동구 사근동10길 16,서울특별시 성동구 사근동 190-11,37.5603507,127.0490812,02-2299-8120,서울성동경찰서,,Y,2025-12-23,3030000,서울특별시 성동구
GS25 성수햇살점,서울특별시,성동구,11200,서울특별시 성동구 성덕정길 128,서울특별시 성동구 성수2가1동 223-11,37.53653315,127.0575707,02-2205-5337,서울성동경찰서,,Y,2025-12-23,3030000,서울특별시 성동구
CU 금호두산점,서울특별시,성동구,11200,서울특별시 성동구 행당로 35 (금호동1가),서울특별시 성동구 금호1가동128-1번지,37.557009,127.043695,02-2295-2850,서울성동경찰서,,Y,2025-12-23,3030000,서울특별시 성동구
CU 성동금호점,서울특별시,성동구,11200,서울특별시 성동구 장터길 34,서울특별시 성동구 금호동4가 1192,37.548142,127.0196133,02-2298-3760,서울성동경찰서,,Y,2025-12-23,3030000,서울특별시 성동구
CU 마장현대점,서울특별시,성동구,11200,서울특별시 성동구 마장로39길 36,서울특별시 성동구 마장동 768-1번지 안민빌딩 109호,37.5681091,127.0437104,02-2281-0900,서울성동경찰서,,Y,2025-12-23,3030000,서울특별시 성동구
CU방이방산점,서울특별시,송파구,11710,서울특별시 송파구 마천로2,서울특별시 송파구 방이동 211-6,37.510325,127.121234,,방이지구대,2016,Y,2024-08-12,3230000,서울특별시 송파구
GS25마천공원점,서울특별시,송파구,11710,서울특별시 송파구 거마로24길 5,서울특별시 송파구 마천동 47-7,37.499887,127.148205,,마천파출소,2016,Y,2024-08-12,3230000,서울특별시 송파구
세블일레븐송파거여점,서울특별시,송파구,11710,서울특별시 송파구 양산로8길5,서울특별시 송파구 거여동 348,37.491957,127.144535,,거여파출소,2016,Y,2024-08-12,3230000,서울특별시 송파구
세븐일레븐풍납점,서울특별시,송파구,11710,서울특별시 송파구 토성로 40,서울특별시 송파구 풍납동 265-7,37.529776,127.114639,,풍납파출소,2016,Y,2024-08-12,3230000,서울특별시 송파구
세븐일레븐문정하비오2호점,서울특별시,송파구,11710,"서울특별시 송파구 송파대로 111, 110동 113,114호",서울특별시 송파구 문정동 618,37.47966838,127.1249139,,문정지구대,2016,Y,2024-08-12,3230000,서울특별시 송파구
세븐일레븐훼미리점,서울특별시,송파구,11710,서울특별시 송파구 중대로24,서울특별시 송파구 문정동 150,37.488126,127.111059,,문정지구대,2016,Y,2024-08-12,3230000,서울특별시 송파구
GS25문정중앙점,서울특별시,송파구,11710,서울특별시 송파구 문정로4길 10-30,서울특별시 송파구 문정동 61-7,37.485506,127.124595,,문정지구대,2016,Y,2024-08-12,3230000,서울특별시 송파구
GS25문정바른점,서울특별시,송파구,11710,서울특별시 송파구 새말로8길 27,서울특별시 송파구 문정동 76-1,37.480264,127.126949,,문정지구대,2016,Y,2024-08-12,3230000,서울특별시 송파구
CU문정공원점,서울특별시,송파구,11710,서울특별시 송파구 송이로31길6,서울특별시 송파구 문정동 121-7,37.488416,127.131996,,문정지구대,2016,Y,2024-08-12,3230000,서울특별시 송파구
CU가락극동점,서울특별시,송파구,11710,서울특별시 송파구 동남로18길14,서울특별시 송파구 가락동 194-2,37.494756,127.131921,,가락지구대,2016,Y,2024-08-12,3230000,서울특별시 송파구
세븐일레븐개롱점,서울특별시,송파구,11710,서울특별시 송파구 오금로46길3,서울특별시 송파구 가락동 175-13,37.49664989,127.136603,,가락지구대,2016,Y,2024-08-12,3230000,서울특별시 송파구
세븐일레븐송파4호점,서울특별시,송파구,11710,서울특별시 송파구 백제고분로27길41,서울특별시 송파구 삼전동 22-20,37.506677,127.093899,,삼전지구대,2016,Y,2024-08-12,3230000,서울특별시 송파구
GS25삼전학교점,서울특별시,송파구,11710,서울특별시 송파구 백제고분로28길41,서울특별시 송파구 삼전동 69-13,37.499321,127.090964,,삼전지구대,2016,N,2024-08-12,3230000,서울특별시 송파구
GS25삼전백제점,서울특별시,송파구,11710,서울특별시 송파구 삼학사로13길13,서울특별시 송파구 삼전동 120,37.503228,127.095502,,삼전지구대,2016,Y,2024-08-12,3230000,서울특별시 송파구
GS25삼전나루점,서울특별시,송파구,11710,서울특별시 송파구 백제고분로21길34,서울특별시 송파구 삼전동 16,37.506541,127.091409,,삼전지구대,2016,Y,2024-08-12,3230000,서울특별시 송파구
GS25방이센트럴점,서울특별시,송파구,11710,서울특별시 송파구 백제고분로48길 40,서울특별시 송파구 방이동 123,37.510244,127.117241,,삼전지구대,2016,Y,2024-08-12,3230000,서울특별시 송파구
세븐일레븐송파석촌점,서울특별시,송파구,11710,서울특별시 송파구 백제고분로34길8,서울특별시 송파구 석촌동 211-5,37.501755,127.098603,,삼전지구대,2016,Y,2024-08-12,3230000,서울특별시 송파구
세븐일레븐석촌불광점,서울특별시,송파구,11710,서울특별시 송파구 백제고분로39길38,서울특별시 송파구 석촌동 182,37.507462,127.103262,,삼전지구대,2016,Y,2024-08-12,3230000,서울특별시 송파구
GS25석촌한빛점,서울특별시,송파구,11710,서울특별시 송파구 가락로5길25,서울특별시 송파구 석촌동 245-27,37.501508,127.101286,,삼전지구대,2016,Y,2024-08-12,3230000,서울특별시 송파구
세븐일레븐송파초교점,서울특별시,송파구,11710,서울특별시 송파구 백제고분로44길9,서울특별시 송파구 송파동 132-16,37.507341,127.111694,,방이지구대,2016,Y,2024-08-12,3230000,서울특별시 송파구
세븐일레븐송파점,서울특별시,송파구,11710,서울특별시 송파구 송이로18,서울특별시 송파구 송파동 100-1,37.503361,127.115811,,방이지구대,2016,Y,2024-08-12,3230000,서울특별시 송파구
미니스톱송파삼성점,서울특별시,송파구,11710,서울특별시 송파구 가락로28길15,서울특별시 송파구 송파동 148-3,37.505886,127.117637,,방이지구대,2016,Y,2024-08-12,3230000,서울특별시 송파구
세븐일레븐송파일신점,서울특별시,송파구,11710,서울특별시 송파구 송파대로36가길 1,서울특별시 송파구 송파동 180-4,37.501019,127.114581,,방이지구대,2016,Y,2024-08-12,3230000,서울특별시 송파구
GS25송파센타점,서울특별시,송파구,11710,서울특별시 송파구 백제고분로41길9,서울특별시 송파구 송파동 17-10,37.506951,127.108091,,방이지구대,2016,N,2024-08-12,3230000,서울특별시 송파구
GS25오금후레쉬점,서울특별시,송파구,11710,서울특별시 송파구 동남로23길 29,서울특별시 송파구 오금동 58-10,37.502141,127.133813,,오금파출소,2016,Y,2024-08-12,3230000,서울특별시 송파구
CU오금공원점,서울특별시,송파구,11710,서울특별시 송파구 마천로138,서울특별시 송파구 오금동 72-9,37.50454013,127.134752,,오금파출소,2016,Y,2024-08-12,3230000,서울특별시 송파구
세븐일레븐올림픽점,서울특별시,송파구,11710,서울특별시 송파구 양재대로1222,서울특별시 송파구 방이동 89-11,37.515728,127.131063,,방이지구대,2016,Y,2024-08-12,3230000,서울특별시 송파구
세븐일레븐송파구청본점,서울특별시,송파구,11710,서울특별시 송파구 올림픽로32길29,서울특별시 송파구 방이동 70,37.513509,127.1099204,,방이지구대,2016,Y,2024-08-12,3230000,서울특별시 송파구
CU잠실방이점,서울특별시,송파구,11710,서울특별시 송파구 올림픽로32길 3,서울특별시 송파구 방이동 36,37.515715,127.108994,,방이지구대,2016,Y,2024-08-12,3230000,서울특별시 송파구
GS25방이도곡점,서울특별시,송파구,11710,서울특별시 송파구 올림픽로32길59,서울특별시 송파구 방이동 107-3,37.512199,127.112795,,방이지구대,2016,Y,2024-08-12,3230000,서울특별시 송파구
GS25방이번영점,서울특별시,송파구,11710,서울특별시 송파구 위례성대로18길 28,서울특별시 송파구 방이동 203-4,37.510038,127.1249302,,방이지구대,2016,Y,2024-08-12,3230000,서울특별시 송파구
CU가락점,서울특별시,송파구,11710,서울특별시 송파구 송이로111,서울특별시 송파구 가락동 57,37.496711,127.1221498,,가락지구대,2016,Y,2024-08-12,3230000,서울특별시 송파구
세븐일레븐신천제일점,서울특별시,송파구,11710,서울특별시 송파구 백제고분로7길 42-25,서울특별시 송파구 잠실동 206,37.509785,127.084001,,잠실본동,2016,Y,2024-08-12,3230000,서울특별시 송파구
세븐일레븐잠실광장점,서울특별시,송파구,11710,"서울특별시 송파구 삼전로9길6, 103호",서울특별시 송파구 잠실동 245-16,37.506343,127.088765,,잠실본동,2016,Y,2024-08-12,3230000,서울특별시 송파구
세븐일레븐잠실1호점,서울특별시,송파구,11710,서울특별시 송파구 백제고분로127,서울특별시 송파구 잠실동 228-9,37.50646014,127.081426,,잠실본동,2016,Y,2024-08-12,3230000,서울특별시 송파구
세븐일레븐송파중앙점,서울특별시,송파구,11710,서울특별시 송파구 삼전로13길49,서울특별시 송파구 잠실동 231-4,37.507717,127.0849601,,잠실본동,2016,N,2024-08-12,3230000,서울특별시 송파구
CU잠실현대점,서울특별시,송파구,11710,서울특별시 송파구 백제고분로20길 7-1,서울특별시 송파구 잠실동 337-3,37.504043,127.086239,,잠실본동,2016,Y,2024-08-12,3230000,서울특별시 송파구
GS25잠실경기장점,서울특별시,송파구,11710,서울특별시 송파구 올림픽로 25,서울특별시 송파구 잠실동 10,37.51619968,127.0759396,,잠실지구대,2016,Y,2024-08-12,3230000,서울특별시 송파구
CU잠실갤러리아점,서울특별시,송파구,11710,"서울특별시 송파구 올림픽로212, 109호",서울특별시 송파구 잠실동 40,37.510707,127.094232,,잠실지구대,2016,Y,2024-08-12,3230000,서울특별시 송파구
세븐일레븐장지대진점,서울특별시,송파구,11710,"서울특별시 송파구 충민로2길26, 대진프라자 104호",서울특별시 송파구 장지동 841-3,37.477433,127.127361,,문정지구대,2016,Y,2024-08-12,3230000,서울특별시 송파구
GS25위례푸르지오점,서울특별시,송파구,11710,"서울특별시 송파구 위례광장로 185, 송파푸르지오 103호",서울특별시 송파구 장지동 878,37.48020957,127.139758,,문정지구대,2016,Y,2024-08-12,3230000,서울특별시 송파구
GS25송파위례점,서울특별시,송파구,11710,"서울특별시 송파구 위례광장로121,꿈에그린 상가내 102호",서울특별시 송파구 장지동 901,37.476865,127.138216,,문정지구대,2016,Y,2024-08-12,3230000,서울특별시 송파구
GS25 건대수정,서울특별시,광진구,11215,서울특별시 광진구 능동로13길 15,서울특별시 광진구 화양동 11-1,37.5427937,127.0709136,02-2205-2042,광진경찰서,,Y,2025-12-23,3040000,서울특별시 광진구
GS25 건국,서울특별시,광진구,11215,서울특별시 광진구 광나루로24길 14,서울특별시 광진구 화양동 495-17,37.54565033,127.0762488,02-3436-9934,광진경찰서,,Y,2025-12-23,3040000,서울특별시 광진구
CU 자양리안점,서울특별시,광진구,11215,서울특별시 광진구 동일로18길 11,서울특별시 광진구 자양동 24-5,37.54007821,127.0635726,02-466-6888,광진경찰서,,Y,2025-12-23,3040000,서울특별시 광진구
CU 자양태성점,서울특별시,광진구,11215,서울특별시 광진구 뚝섬로36길 18,서울특별시 광진구 자양동 792,37.53357885,127.0711517,02-3437-0988,광진경찰서,,Y,2025-12-23,3040000,서울특별시 광진구
CU 구의크레신점,서울특별시,광진구,11215,서울특별시 광진구 아차산로 375,서울특별시 광진구 구의동 246-14,37.5370799,127.084368,02-3436-0669,광진경찰서,,Y,2025-12-23,3040000,서울특별시 광진구
CU 장신대점,서울특별시,광진구,11215,서울특별시 광진구 광장로 71-1,서울특별시 광진구 광장동 285-7,37.54772974,127.1051167,02-446-2239,광진경찰서,,Y,2025-12-23,3040000,서울특별시 광진구
CU 중곡3동,서울특별시,광진구,11215,서울특별시 광진구 면목로17길 6,서울특별시 광진구 중곡동 559-4,37.57055381,127.0827885,02-437-1480,광진경찰서,,Y,2025-12-23,3040000,서울특별시 광진구
CU 화양대박점,서울특별시,광진구,11215,서울특별시 광진구 능동로13길 70-1,서울특별시 광진구 화양동 16-36,37.54485304,127.0692163,02-499-4217,광진경찰서,,Y,2025-12-23,3040000,서울특별시 광진구
